battery,cycle,start_point,capacity_true_ah,capacity_pred_ah,persistence_ah,direct_rul_true_cycles,direct_rul_pred_cycles
CS2_35,200,200,1.0348238945007324,0.953956127166748,1.03432035446167,442.0,246.98426818847656
CS2_35,201,200,1.0348836183547974,0.9542673230171204,1.0348238945007324,441.0,246.94915771484375
CS2_35,202,200,1.034729242324829,0.9496970772743225,1.0348836183547974,440.0,246.98777770996094
CS2_35,203,200,1.0347002744674683,0.9569476842880249,1.034729242324829,439.0,247.05125427246094
CS2_35,204,200,1.0348150730133057,0.9572020173072815,1.0347002744674683,438.0,247.12071228027344
CS2_35,205,200,1.0345752239227295,0.9489988088607788,1.0348150730133057,437.0,247.19789123535156
CS2_35,206,200,1.0341867208480835,0.9458445310592651,1.0345752239227295,436.0,247.2698211669922
CS2_35,207,200,1.033809781074524,0.9606870412826538,1.0341867208480835,435.0,247.3356170654297
CS2_35,208,200,1.0330899953842163,0.948695957660675,1.033809781074524,434.0,247.36827087402344
CS2_35,209,200,1.032852292060852,0.941076934337616,1.0330899953842163,433.0,247.3463897705078
CS2_35,210,200,1.0325689315795898,0.9372726082801819,1.032852292060852,432.0,247.3115997314453
CS2_35,211,200,1.0322508811950684,0.9349702000617981,1.0325689315795898,431.0,247.2746124267578
CS2_35,212,200,1.0321310758590698,0.9338874816894531,1.0322508811950684,430.0,247.238037109375
CS2_35,213,200,1.0315885543823242,0.9313270449638367,1.0321310758590698,429.0,247.20162963867188
CS2_35,214,200,1.0228286981582642,0.9290967583656311,1.0315885543823242,428.0,247.1686248779297
CS2_35,215,200,1.0139822959899902,0.928004264831543,1.0228286981582642,427.0,247.13235473632812
CS2_35,216,200,1.0144460201263428,0.9299432039260864,1.0139822959899902,426.0,247.10060119628906
CS2_35,217,200,1.013516902923584,0.9328457713127136,1.0144460201263428,425.0,247.0913848876953
CS2_35,218,200,1.0071947574615479,0.9369516968727112,1.013516902923584,424.0,247.1398468017578
CS2_35,219,200,1.015550971031189,0.9408528208732605,1.0071947574615479,423.0,247.228759765625
CS2_35,220,200,1.0210814476013184,0.9427683353424072,1.015550971031189,422.0,247.32359313964844
CS2_35,221,200,1.0150789022445679,0.9434031844139099,1.0210814476013184,421.0,247.38958740234375
CS2_35,222,200,1.005128264427185,0.9449531435966492,1.0150789022445679,420.0,247.42933654785156
CS2_35,223,200,1.0045216083526611,0.9458276033401489,1.005128264427185,419.0,247.4421844482422
CS2_35,224,200,0.9991076588630676,0.9464611411094666,1.0045216083526611,418.0,247.4304656982422
CS2_35,225,200,0.9976109266281128,0.953830361366272,0.9991076588630676,417.0,247.41770935058594
CS2_35,226,200,1.0070068836212158,0.957305908203125,0.9976109266281128,416.0,247.41302490234375
CS2_35,227,200,1.0076463222503662,0.9546464085578918,1.0070068836212158,415.0,247.4192657470703
CS2_35,228,200,0.9982191920280457,0.9525281190872192,1.0076463222503662,414.0,247.43484497070312
CS2_35,229,200,0.99588543176651,0.9530057907104492,0.9982191920280457,413.0,247.44973754882812
CS2_35,230,200,0.99531090259552,0.9499787092208862,0.99588543176651,412.0,247.44638061523438
CS2_35,231,200,0.9898175001144409,0.9487102627754211,0.99531090259552,411.0,247.42999267578125
CS2_35,232,200,0.988537609577179,0.9543552994728088,0.9898175001144409,410.0,247.40611267089844
CS2_35,233,200,0.9979857206344604,0.9566317200660706,0.988537609577179,409.0,247.39698791503906
CS2_35,234,200,1.0036791563034058,0.9553157687187195,0.9979857206344604,408.0,247.4077911376953
CS2_35,235,200,0.9964133501052856,0.9534620046615601,1.0036791563034058,407.0,247.42393493652344
CS2_35,236,200,0.9868981838226318,0.9527662396430969,0.9964134097099304,406.0,247.4386749267578
CS2_35,237,200,0.9870885014533997,0.9501468539237976,0.9868981838226318,405.0,247.4421844482422
CS2_35,238,200,0.9867313504219055,0.9497862458229065,0.9870885014533997,404.0,247.42596435546875
CS2_35,239,200,0.9863201379776001,0.9539955854415894,0.9867313504219055,403.0,247.4082794189453
CS2_35,240,200,0.9890539050102234,0.9552909135818481,0.9863201379776001,402.0,247.39962768554688
CS2_35,241,200,0.995421826839447,0.9545348286628723,0.9890539050102234,401.0,247.3997344970703
CS2_35,242,200,0.9956969618797302,0.9517336487770081,0.995421826839447,400.0,247.40821838378906
CS2_35,243,200,0.9795235395431519,0.9514382481575012,0.9956969618797302,399.0,247.4182891845703
CS2_35,244,200,0.9787960052490234,0.9428587555885315,0.9795235395431519,398.0,247.41380310058594
CS2_35,245,200,0.9889367818832397,0.9448565244674683,0.9787960052490234,397.0,247.39512634277344
CS2_35,246,200,0.9966287612915039,0.9493958353996277,0.9889367818832397,396.0,247.35084533691406
CS2_35,247,200,0.9969204664230347,0.9511025547981262,0.9966287612915039,395.0,247.3079376220703
CS2_35,248,200,0.9968583583831787,0.9521532654762268,0.9969204664230347,394.0,247.2881622314453
CS2_35,249,200,0.9968217611312866,0.9472418427467346,0.9968583583831787,393.0,247.31581115722656
CS2_35,250,200,0.9968846440315247,0.9440186023712158,0.9968217611312866,392.0,247.3595733642578
CS2_35,251,200,0.9968361854553223,0.9466845989227295,0.9968846440315247,391.0,247.37913513183594
CS2_35,252,200,0.9968111515045166,0.9438112378120422,0.9968361854553223,390.0,247.376220703125
CS2_35,253,200,0.9965887665748596,0.9349802732467651,0.9968111515045166,389.0,247.33058166503906
CS2_35,254,200,0.9963910579681396,0.9410673975944519,0.9965887665748596,388.0,247.27542114257812
CS2_35,255,200,0.9962127208709717,0.9436114430427551,0.9963911175727844,387.0,247.23178100585938
CS2_35,256,200,0.9960312247276306,0.9355824589729309,0.9962127804756165,386.0,247.18849182128906
CS2_35,257,200,0.9959191083908081,0.9326196908950806,0.9960312247276306,385.0,247.14793395996094
CS2_35,258,200,0.9958409667015076,0.931253969669342,0.9959191083908081,384.0,247.11666870117188
CS2_35,259,200,0.9958535432815552,0.9295028448104858,0.9958409667015076,383.0,247.0832977294922
CS2_35,260,200,0.995717465877533,0.9290293455123901,0.9958535432815552,382.0,247.0487518310547
CS2_35,261,200,0.9956501722335815,0.9281980991363525,0.995717465877533,381.0,247.0201416015625
CS2_35,262,200,0.995422899723053,0.9266483187675476,0.9956502318382263,380.0,246.99205017089844
CS2_35,263,200,0.9789683222770691,0.9260324835777283,0.995422899723053,379.0,246.9685516357422
CS2_35,264,200,0.9777511954307556,0.9290649890899658,0.9789683222770691,378.0,246.95541381835938
CS2_35,265,200,0.9775720834732056,0.9307388663291931,0.9777511954307556,377.0,246.97889709472656
CS2_35,266,200,0.9863156676292419,0.9336326718330383,0.9775720834732056,376.0,247.05479431152344
CS2_35,267,200,0.9871017932891846,0.9389306902885437,0.9863157272338867,375.0,247.14601135253906
CS2_35,268,200,0.9783507585525513,0.9366756677627563,0.9871017932891846,374.0,247.24525451660156
CS2_35,269,200,0.9704416990280151,0.938258171081543,0.9783507585525513,373.0,247.3157196044922
CS2_35,270,200,0.9703654050827026,0.9411739110946655,0.9704416990280151,372.0,247.35964965820312
CS2_35,271,200,0.9699810743331909,0.9399634599685669,0.9703654050827026,371.0,247.3759002685547
CS2_35,272,200,0.9784245491027832,0.9430869221687317,0.9699810743331909,370.0,247.3617706298828
CS2_35,273,200,0.9796392917633057,0.9471338987350464,0.9784245491027832,369.0,247.34324645996094
CS2_35,274,200,0.9852946996688843,0.9422714114189148,0.9796392917633057,368.0,247.33067321777344
CS2_35,275,200,0.9689326882362366,0.941642165184021,0.9852946996688843,367.0,247.3187713623047
CS2_35,276,200,0.9683434963226318,0.9437578916549683,0.9689326882362366,366.0,247.31690979003906
CS2_35,277,200,0.9682142734527588,0.9387573003768921,0.9683434963226318,365.0,247.29844665527344
CS2_35,278,200,0.9685044884681702,0.9383361339569092,0.9682142734527588,364.0,247.26629638671875
CS2_35,279,200,0.9684786200523376,0.9434154629707336,0.9685044884681702,363.0,247.2482452392578
CS2_35,280,200,0.9778201580047607,0.9418807625770569,0.9684786200523376,362.0,247.24424743652344
CS2_35,281,200,0.9784144163131714,0.9410868287086487,0.9778201580047607,361.0,247.25465393066406
CS2_35,282,200,0.9692798852920532,0.9408706426620483,0.9784144759178162,360.0,247.27096557617188
CS2_35,283,200,0.9623054265975952,0.9383849501609802,0.9692798852920532,359.0,247.27427673339844
CS2_35,284,200,0.9625190496444702,0.9370538592338562,0.9623054265975952,358.0,247.26792907714844
CS2_35,285,200,0.9619630575180054,0.9384190440177917,0.9625190496444702,357.0,247.25094604492188
CS2_35,286,200,0.9610128998756409,0.9417332410812378,0.9619630575180054,356.0,247.2301483154297
CS2_35,287,200,0.970035195350647,0.9419211745262146,0.9610128402709961,355.0,247.22312927246094
CS2_35,288,200,0.9766201376914978,0.9407535791397095,0.9700352549552917,354.0,247.22547912597656
CS2_35,289,200,0.9711609482765198,0.9399540424346924,0.9766201376914978,353.0,247.2395782470703
CS2_35,290,200,0.9602030515670776,0.938845694065094,0.9711609482765198,352.0,247.2570037841797
CS2_35,291,200,0.9603708982467651,0.937865674495697,0.9602030515670776,351.0,247.2567901611328
CS2_35,292,200,0.9625217914581299,0.9374601244926453,0.9603708982467651,350.0,247.2418670654297
CS2_35,293,200,0.9619549512863159,0.9438896775245667,0.9625217914581299,349.0,247.2144317626953
CS2_35,294,200,0.9711865186691284,0.9435732364654541,0.9619549512863159,348.0,247.2065887451172
CS2_35,295,200,0.9765622019767761,0.9468504786491394,0.9711865186691284,347.0,247.23507690429688
CS2_35,296,200,0.9766113758087158,0.9435773491859436,0.9765622615814209,346.0,247.2746124267578
CS2_35,297,200,0.9766634106636047,0.9422052502632141,0.9766113758087158,345.0,247.3131866455078
CS2_35,298,200,0.9766857028007507,0.9411050081253052,0.9766634106636047,344.0,247.3339080810547
CS2_35,299,200,0.9774037003517151,0.9378791451454163,0.9766857028007507,343.0,247.32728576660156
CS2_35,300,200,0.9775983095169067,0.9382823705673218,0.9774037003517151,342.0,247.29222106933594
CS2_35,301,200,0.9777585864067078,0.9370354413986206,0.9775983095169067,341.0,247.22865295410156
CS2_35,302,200,0.9778448343276978,0.9383347630500793,0.9777585864067078,340.0,247.1640625
CS2_35,303,200,0.9779059886932373,0.9315370321273804,0.9778448343276978,339.0,247.0932159423828
CS2_35,304,200,0.9779961109161377,0.9318769574165344,0.9779059886932373,338.0,247.0472869873047
CS2_35,305,200,0.9780020117759705,0.9273378252983093,0.9779961705207825,337.0,247.01187133789062
CS2_35,306,200,0.9780862331390381,0.9259803891181946,0.9780020713806152,336.0,246.97897338867188
CS2_35,307,200,0.9782530665397644,0.9247260689735413,0.9780862331390381,335.0,246.9232940673828
CS2_35,308,200,0.9785300493240356,0.9236131310462952,0.9782530665397644,334.0,246.85475158691406
CS2_35,309,200,0.9783459305763245,0.9233976006507874,0.9785300493240356,333.0,246.78233337402344
CS2_35,310,200,0.978335440158844,0.9212518930435181,0.9783459305763245,332.0,246.70553588867188
CS2_35,311,200,0.968181848526001,0.9207387566566467,0.978335440158844,331.0,246.64004516601562
CS2_35,312,200,0.9608754515647888,0.9196798801422119,0.968181848526001,330.0,246.56497192382812
CS2_35,313,200,0.9609583616256714,0.9220000505447388,0.9608754515647888,329.0,246.51473999023438
CS2_35,314,200,0.9608500599861145,0.9234198331832886,0.9609583616256714,328.0,246.5406036376953
CS2_35,315,200,0.9600415229797363,0.9262199997901917,0.9608500599861145,327.0,246.6869659423828
CS2_35,316,200,0.9683875441551208,0.9284120202064514,0.9600415229797363,326.0,246.88583374023438
CS2_35,317,200,0.9700992703437805,0.9288821220397949,0.9683876037597656,325.0,247.0529327392578
CS2_35,318,200,0.9606813788414001,0.9293287396430969,0.9700992703437805,324.0,247.14463806152344
CS2_35,319,200,0.9597800970077515,0.9299705028533936,0.9606813788414001,323.0,247.17945861816406
CS2_35,320,200,0.9601190090179443,0.9303669929504395,0.9597800970077515,322.0,247.17787170410156
CS2_35,321,200,0.9592152833938599,0.930348813533783,0.9601190090179443,321.0,247.15065002441406
CS2_35,322,200,0.9531109929084778,0.9343698620796204,0.9592152833938599,320.0,247.12156677246094
CS2_35,323,200,0.9683423042297363,0.9367362856864929,0.9531109929084778,319.0,247.11077880859375
CS2_35,324,200,0.9696407914161682,0.934816837310791,0.9683423042297363,318.0,247.115966796875
CS2_35,325,200,0.9621798396110535,0.933083176612854,0.9696407914161682,317.0,247.13623046875
CS2_35,326,200,0.9534041881561279,0.9328377842903137,0.9621798396110535,316.0,247.15505981445312
CS2_35,327,200,0.9590403437614441,0.9317507743835449,0.9534041881561279,315.0,247.15525817871094
CS2_35,328,200,0.959370493888855,0.9299340844154358,0.9590403437614441,314.0,247.1426239013672
CS2_35,329,200,0.9590044617652893,0.9350652098655701,0.9593704342842102,313.0,247.1256561279297
CS2_35,330,200,0.9610721468925476,0.9355069398880005,0.9590044617652893,312.0,247.1291961669922
CS2_35,331,200,0.9687960147857666,0.9339135885238647,0.9610721468925476,311.0,247.14813232421875
CS2_35,332,200,0.9695193767547607,0.9328908920288086,0.9687960743904114,310.0,247.1717987060547
CS2_35,333,200,0.9596849679946899,0.9332059621810913,0.9695193767547607,309.0,247.19078063964844
CS2_35,334,200,0.9587616324424744,0.9282005429267883,0.9596849679946899,308.0,247.18406677246094
CS2_35,335,200,0.9588601589202881,0.9277263879776001,0.9587616324424744,307.0,247.1481475830078
CS2_35,336,200,0.9533860087394714,0.9291982054710388,0.9588601589202881,306.0,247.093994140625
CS2_35,337,200,0.9528632760047913,0.9310013055801392,0.9533860087394714,305.0,247.0366973876953
CS2_35,338,200,0.9603535532951355,0.9309865236282349,0.9528632760047913,304.0,247.0065460205078
CS2_35,339,200,0.9521365165710449,0.9286758899688721,0.9603535532951355,303.0,247.00746154785156
CS2_35,340,200,0.9515682458877563,0.9285144209861755,0.9521365165710449,302.0,247.03627014160156
CS2_35,341,200,0.959637463092804,0.9278542399406433,0.9515681862831116,301.0,247.0554962158203
CS2_35,342,200,0.9592289328575134,0.931948184967041,0.959637463092804,300.0,247.0443572998047
CS2_35,343,200,0.9533217549324036,0.9292511940002441,0.9592289328575134,299.0,247.02943420410156
CS2_35,344,200,0.9621930718421936,0.9351057410240173,0.9533217549324036,298.0,247.04893493652344
CS2_35,345,200,0.9676479697227478,0.9363002777099609,0.9621930718421936,297.0,247.08192443847656
CS2_35,346,200,0.9679039120674133,0.9326888918876648,0.9676480293273926,296.0,247.1381378173828
CS2_35,347,200,0.9680513739585876,0.9353461265563965,0.9679039120674133,295.0,247.16917419433594
CS2_35,348,200,0.9681374430656433,0.9335247874259949,0.9680513739585876,294.0,247.1664276123047
CS2_35,349,200,0.9682880640029907,0.928719162940979,0.9681374430656433,293.0,247.1585693359375
CS2_35,350,200,0.9693557024002075,0.929733395576477,0.9682880640029907,292.0,247.10948181152344
CS2_35,351,200,0.9713428020477295,0.9389941692352295,0.9693557024002075,291.0,247.05613708496094
CS2_35,352,200,0.9774094223976135,0.9326013922691345,0.9713428020477295,290.0,247.0305633544922
CS2_35,353,200,0.9777852892875671,0.9347610473632812,0.9774094223976135,289.0,247.0532989501953
CS2_35,354,200,0.9689928889274597,0.9374805688858032,0.9777852892875671,288.0,247.1249542236328
CS2_35,355,200,0.9689238667488098,0.9298456907272339,0.9689928889274597,287.0,247.21998596191406
CS2_35,356,200,0.9701719284057617,0.9341708421707153,0.9689239263534546,286.0,247.27549743652344
CS2_35,357,200,0.9712986350059509,0.9369049072265625,0.9701719284057617,285.0,247.28338623046875
CS2_35,358,200,0.9712000489234924,0.9355930685997009,0.9712986946105957,284.0,247.27403259277344
CS2_35,359,200,0.9778180718421936,0.9340158104896545,0.9712000489234924,283.0,247.2453155517578
CS2_35,360,200,0.9782103896141052,0.9392682909965515,0.9778180718421936,282.0,247.2501983642578
CS2_35,361,200,0.9714821577072144,0.9338307976722717,0.9782103896141052,281.0,247.26036071777344
CS2_35,362,200,0.9695559144020081,0.932465672492981,0.9714821577072144,280.0,247.2602996826172
CS2_35,363,200,0.96942138671875,0.9313194751739502,0.9695559740066528,279.0,247.23252868652344
CS2_35,364,200,0.970751166343689,0.9295175671577454,0.96942138671875,278.0,247.1732940673828
CS2_35,365,200,0.9707291722297668,0.9327296018600464,0.9707512259483337,277.0,247.12191772460938
CS2_35,366,200,0.976093590259552,0.9318678975105286,0.9707291722297668,276.0,247.0963897705078
CS2_35,367,200,0.977114200592041,0.9294426441192627,0.976093590259552,275.0,247.10166931152344
CS2_35,368,200,0.9772564172744751,0.9272955656051636,0.977114200592041,274.0,247.1207733154297
CS2_35,369,200,0.9687844514846802,0.9274607300758362,0.9772564172744751,273.0,247.12965393066406
CS2_35,370,200,0.9686663150787354,0.9250718951225281,0.9687844514846802,272.0,247.10873413085938
CS2_35,371,200,0.9684567451477051,0.9248135089874268,0.9686663150787354,271.0,247.05162048339844
CS2_35,372,200,0.9681439399719238,0.9270318746566772,0.9684567451477051,270.0,246.9754180908203
CS2_35,373,200,0.9623796939849854,0.9283401966094971,0.9681439399719238,269.0,246.93125915527344
CS2_35,374,200,0.9700122475624084,0.9286675453186035,0.9623796939849854,268.0,246.94102478027344
CS2_35,375,200,0.9708125591278076,0.9275344610214233,0.9700123071670532,267.0,246.9940643310547
CS2_35,376,200,0.9688127636909485,0.9276615381240845,0.9708125591278076,266.0,247.06365966796875
CS2_35,377,200,0.9619879126548767,0.9272364377975464,0.9688127636909485,265.0,247.112060546875
CS2_35,378,200,0.9624464511871338,0.9268903732299805,0.9619879126548767,264.0,247.12442016601562
CS2_35,379,200,0.9677940011024475,0.9266732335090637,0.9624464511871338,263.0,247.1041717529297
CS2_35,380,200,0.968273401260376,0.930179238319397,0.9677940011024475,262.0,247.0766143798828
CS2_35,381,200,0.9685214161872864,0.9305160045623779,0.968273401260376,261.0,247.0587615966797
CS2_35,382,200,0.9702553749084473,0.9280021786689758,0.9685214161872864,260.0,247.05645751953125
CS2_35,383,200,0.9706258177757263,0.9274822473526001,0.9702553749084473,259.0,247.06651306152344
CS2_35,384,200,0.97077476978302,0.927374541759491,0.9706258177757263,258.0,247.07861328125
CS2_35,385,200,0.9708607792854309,0.9241350293159485,0.97077476978302,257.0,247.06491088867188
CS2_35,386,200,0.9708552956581116,0.9213946461677551,0.9708607792854309,256.0,247.00401306152344
CS2_35,387,200,0.9759605526924133,0.9223814010620117,0.9708552956581116,255.0,246.89376831054688
CS2_35,388,200,0.9761834740638733,0.9204322099685669,0.9759605526924133,254.0,246.7272491455078
CS2_35,389,200,0.9762741923332214,0.9181828498840332,0.9761834740638733,253.0,246.49041748046875
CS2_35,390,200,0.9762730598449707,0.9169082045555115,0.9762741923332214,252.0,246.20518493652344
CS2_35,391,200,0.9762805104255676,0.9147124290466309,0.9762731194496155,251.0,245.8990478515625
CS2_35,392,200,0.9760725498199463,0.9129635095596313,0.9762805104255676,250.0,245.60684204101562
CS2_35,393,200,0.9761205315589905,0.9110883474349976,0.9760725498199463,249.0,245.3178253173828
CS2_35,394,200,0.9760217070579529,0.9110311269760132,0.9761205315589905,248.0,245.0488739013672
CS2_35,395,200,0.9760316610336304,0.9094706177711487,0.9760217070579529,247.0,244.759033203125
CS2_35,396,200,0.9760494232177734,0.9092908501625061,0.9760316610336304,246.0,244.4695281982422
CS2_35,397,200,0.9759930372238159,0.9084221124649048,0.9760494232177734,245.0,244.2136993408203
CS2_35,398,200,0.9758076667785645,0.9076438546180725,0.9759930372238159,244.0,243.9989471435547
CS2_35,399,200,0.9678377509117126,0.9073761105537415,0.9758076667785645,243.0,243.79649353027344
CS2_35,400,200,0.9810616970062256,0.9069199562072754,0.9678377509117126,242.0,243.57191467285156
CS2_35,401,200,0.9800405502319336,0.9169073700904846,0.9810616970062256,241.0,243.7373046875
CS2_35,402,200,0.9807074069976807,0.9166868329048157,0.9800405502319336,240.0,244.5421142578125
CS2_35,403,200,0.9884019494056702,0.9244590997695923,0.9807074069976807,239.0,245.8695831298828
CS2_35,404,200,0.9891694784164429,0.9252161979675293,0.9884020090103149,238.0,246.80276489257812
CS2_35,405,200,0.9808050394058228,0.9219358563423157,0.9891694784164429,237.0,247.1891326904297
CS2_35,406,200,0.9800571799278259,0.9254381656646729,0.9808050394058228,236.0,247.29977416992188
CS2_35,407,200,0.9803666472434998,0.9288489818572998,0.9800571799278259,235.0,247.32118225097656
CS2_35,408,200,0.9800806045532227,0.9258033037185669,0.9803666472434998,234.0,247.28224182128906
CS2_35,409,200,0.9789817929267883,0.9263748526573181,0.9800806045532227,233.0,247.17811584472656
CS2_35,410,200,0.9866677522659302,0.9370791912078857,0.9789817929267883,232.0,247.09983825683594
CS2_35,411,200,0.9871377944946289,0.9297224879264832,0.9866677522659302,231.0,247.05357360839844
CS2_35,412,200,0.9860458970069885,0.9279463291168213,0.9871377944946289,230.0,247.0713348388672
CS2_35,413,200,0.9776592254638672,0.9269572496414185,0.9860458970069885,229.0,247.0998992919922
CS2_35,414,200,0.9778881072998047,0.9249078035354614,0.9776592254638672,228.0,247.11180114746094
CS2_35,415,200,0.9778551459312439,0.9245174527168274,0.9778881072998047,227.0,247.09585571289062
CS2_35,416,200,0.9694574475288391,0.9294649958610535,0.9778552055358887,226.0,247.0743865966797
CS2_35,417,200,0.9696243405342102,0.9275839328765869,0.9694574475288391,225.0,247.06283569335938
CS2_35,418,200,0.9779205918312073,0.9279008507728577,0.9696243405342102,224.0,247.0708465576172
CS2_35,419,200,0.9784395694732666,0.9282039403915405,0.9779205918312073,223.0,247.092041015625
CS2_35,420,200,0.9687510132789612,0.9298465251922607,0.9784395694732666,222.0,247.12184143066406
CS2_35,421,200,0.9610661864280701,0.9273329377174377,0.9687510132789612,221.0,247.13819885253906
CS2_35,422,200,0.9605962038040161,0.9260234236717224,0.9610661864280701,220.0,247.1381072998047
CS2_35,423,200,0.9683040976524353,0.9289469718933105,0.9605962038040161,219.0,247.1298828125
CS2_35,424,200,0.9694006443023682,0.933159351348877,0.9683040976524353,218.0,247.1243438720703
CS2_35,425,200,0.9698449969291687,0.9316900372505188,0.9694006443023682,217.0,247.1219940185547
CS2_35,426,200,0.9699426293373108,0.9261705279350281,0.9698449969291687,216.0,247.1118621826172
CS2_35,427,200,0.9702362418174744,0.9292109608650208,0.9699426293373108,215.0,247.0941162109375
CS2_35,428,200,0.9705387353897095,0.9269899129867554,0.9702362418174744,214.0,247.06434631347656
CS2_35,429,200,0.9705435037612915,0.9229231476783752,0.9705387949943542,213.0,247.0032196044922
CS2_35,430,200,0.970305323600769,0.9204610586166382,0.9705435037612915,212.0,246.89122009277344
CS2_35,431,200,0.9695138335227966,0.9220862984657288,0.970305323600769,211.0,246.70335388183594
CS2_35,432,200,0.9692293405532837,0.9194238185882568,0.9695138335227966,210.0,246.40089416503906
CS2_35,433,200,0.9689562916755676,0.9164947271347046,0.9692293405532837,209.0,246.0050811767578
CS2_35,434,200,0.9687097668647766,0.9136917591094971,0.9689562916755676,208.0,245.56036376953125
CS2_35,435,200,0.9686266183853149,0.9122281670570374,0.9687097668647766,207.0,245.17164611816406
CS2_35,436,200,0.9684963226318359,0.9108118414878845,0.9686266183853149,206.0,244.8580780029297
CS2_35,437,200,0.9683731198310852,0.9101555347442627,0.9684963226318359,205.0,244.64793395996094
CS2_35,438,200,0.9682105183601379,0.9096750617027283,0.96837317943573,204.0,244.541748046875
CS2_35,439,200,0.9680627584457397,0.9087139964103699,0.9682105183601379,203.0,244.46600341796875
CS2_35,440,200,0.9506776332855225,0.908564567565918,0.9680627584457397,202.0,244.3946533203125
CS2_35,441,200,0.9442161321640015,0.9047358632087708,0.9506776332855225,201.0,244.2455291748047
CS2_35,442,200,0.9420542120933533,0.9095772504806519,0.9442161321640015,200.0,244.08775329589844
CS2_35,443,200,0.9416968822479248,0.9074999690055847,0.9420542120933533,199.0,244.01673889160156
CS2_35,444,200,0.9350996017456055,0.9126091003417969,0.9416968822479248,198.0,244.47865295410156
CS2_35,445,200,0.9513069987297058,0.9165521860122681,0.9350996017456055,197.0,245.31858825683594
CS2_35,446,200,0.9526757001876831,0.9154075384140015,0.9513069987297058,196.0,246.18431091308594
CS2_35,447,200,0.9442774057388306,0.9158410429954529,0.9526757001876831,195.0,246.6182403564453
CS2_35,448,200,0.9433460235595703,0.9225783944129944,0.9442774057388306,194.0,246.83108520507812
CS2_35,449,200,0.9503787159919739,0.9211249351501465,0.9433460235595703,193.0,246.8963165283203
CS2_35,450,200,0.9527775049209595,0.9176597595214844,0.9503787159919739,192.0,246.88519287109375
CS2_35,451,200,0.9531486630439758,0.9281554818153381,0.9527775049209595,191.0,246.8478240966797
CS2_35,452,200,0.9419817924499512,0.9232187867164612,0.9531486630439758,190.0,246.8046875
CS2_35,453,200,0.9345536828041077,0.9211925864219666,0.9419817924499512,189.0,246.7418670654297
CS2_35,454,200,0.9337666630744934,0.9200505018234253,0.9345536828041077,188.0,246.65191650390625
CS2_35,455,200,0.9334888458251953,0.9184272885322571,0.9337666034698486,187.0,246.48916625976562
CS2_35,456,200,0.9258153438568115,0.8426587581634521,0.9334888458251953,186.0,245.6732940673828
CS2_35,457,200,0.9320645928382874,0.8904791474342346,0.9258153438568115,185.0,243.42674255371094
CS2_35,458,200,0.9343991279602051,0.8222201466560364,0.9320645332336426,184.0,234.2701873779297
CS2_35,459,200,0.9428251385688782,0.8515758514404297,0.9343991279602051,183.0,225.26036071777344
CS2_35,460,200,0.9440757632255554,0.8842036724090576,0.9428251385688782,182.0,212.6441650390625
CS2_35,461,200,0.9341702461242676,0.851935863494873,0.9440757632255554,181.0,203.88404846191406
CS2_35,462,200,0.9329054355621338,0.8323124051094055,0.9341702461242676,180.0,213.15489196777344
CS2_35,463,200,0.9327884316444397,0.8961020112037659,0.9329054355621338,179.0,231.44618225097656
CS2_35,464,200,0.9320480227470398,0.8788907527923584,0.9327883720397949,178.0,232.99465942382812
CS2_35,465,200,0.9258986711502075,0.8096817135810852,0.9320480227470398,177.0,244.55772399902344
CS2_35,466,200,0.9351601600646973,0.9104728698730469,0.9258986711502075,176.0,244.4321746826172
CS2_35,467,200,0.9415538311004639,0.9086984992027283,0.9351601600646973,175.0,243.67977905273438
CS2_35,468,200,0.9408929347991943,0.9048301577568054,0.9415537714958191,174.0,242.88136291503906
CS2_35,469,200,0.9259181618690491,0.9055870175361633,0.9408928751945496,173.0,242.07867431640625
CS2_35,470,200,0.9259197115898132,0.9049916863441467,0.9259181618690491,172.0,241.3787384033203
CS2_35,471,200,0.9246494770050049,0.9040114283561707,0.9259197115898132,171.0,241.2102508544922
CS2_35,472,200,0.9240650534629822,0.9033978581428528,0.9246494770050049,170.0,241.09852600097656
CS2_35,473,200,0.9239050149917603,0.9028632044792175,0.9240650534629822,169.0,240.7421417236328
CS2_35,474,200,0.9328508377075195,0.9021387100219727,0.9239050149917603,168.0,240.0421905517578
CS2_35,475,200,0.9336589574813843,0.9017385244369507,0.9328508377075195,167.0,238.57223510742188
CS2_35,476,200,0.9243494272232056,0.8987782001495361,0.9336589574813843,166.0,236.06346130371094
CS2_35,477,200,0.9234685897827148,0.9003843665122986,0.9243494272232056,165.0,233.5001678466797
CS2_35,478,200,0.923947274684906,0.8988022804260254,0.9234685897827148,164.0,232.16709899902344
CS2_35,479,200,0.9236280918121338,0.899732768535614,0.923947274684906,163.0,232.78408813476562
CS2_35,480,200,0.9234251379966736,0.8992355465888977,0.9236280918121338,162.0,233.81964111328125
CS2_35,481,200,0.9254165887832642,0.9011098742485046,0.9234251379966736,161.0,235.0940704345703
CS2_35,482,200,0.9320799708366394,0.9004423022270203,0.9254165887832642,160.0,235.96311950683594
CS2_35,483,200,0.9323381781578064,0.8979842066764832,0.9320799708366394,159.0,236.47068786621094
CS2_35,484,200,0.916784942150116,0.8987618684768677,0.9323381781578064,158.0,237.0485076904297
CS2_35,485,200,0.9168064594268799,0.897209107875824,0.916784942150116,157.0,237.49851989746094
CS2_35,486,200,0.9168059825897217,0.8984569311141968,0.9168064594268799,156.0,237.01116943359375
CS2_35,487,200,0.9168177247047424,0.8955991268157959,0.9168059825897217,155.0,235.21800231933594
CS2_35,488,200,0.9157667756080627,0.8979862332344055,0.9168177247047424,154.0,232.8381805419922
CS2_35,489,200,0.9243561625480652,0.8994437456130981,0.9157667756080627,153.0,231.20262145996094
CS2_35,490,200,0.9250413179397583,0.8967490196228027,0.9243561625480652,152.0,231.2195587158203
CS2_35,491,200,0.9252684116363525,0.8961870074272156,0.9250413179397583,151.0,232.8360137939453
CS2_35,492,200,0.9252484440803528,0.8961377143859863,0.9252684116363525,150.0,234.8068389892578
CS2_35,493,200,0.9251909255981445,0.8958787322044373,0.925248384475708,149.0,234.98204040527344
CS2_35,494,200,0.9250848293304443,0.8927441239356995,0.9251909255981445,148.0,233.6514434814453
CS2_35,495,200,0.9250143766403198,0.8957279324531555,0.9250848293304443,147.0,230.86521911621094
CS2_35,496,200,0.9247575402259827,0.8953810334205627,0.925014317035675,146.0,227.3964080810547
CS2_35,497,200,0.9248037934303284,0.8953448534011841,0.9247575402259827,145.0,223.8736114501953
CS2_35,498,200,0.9243890643119812,0.8940224051475525,0.9248037934303284,144.0,220.61265563964844
CS2_35,499,200,0.9243072867393494,0.8931555151939392,0.9243890643119812,143.0,218.39988708496094
CS2_35,500,200,0.9241234064102173,0.8922655582427979,0.9243072867393494,142.0,217.55294799804688
CS2_35,501,200,0.9235459566116333,0.8916730880737305,0.9241234064102173,141.0,217.4706573486328
CS2_35,502,200,0.923351526260376,0.8912650346755981,0.9235459566116333,140.0,216.99618530273438
CS2_35,503,200,0.9168325662612915,0.8908995985984802,0.923351526260376,139.0,215.39955139160156
CS2_35,504,200,0.9160386919975281,0.8934416770935059,0.9168325662612915,138.0,214.5016326904297
CS2_35,505,200,0.9168403744697571,0.8922802209854126,0.9160386919975281,137.0,216.0381622314453
CS2_35,506,200,0.9237143397331238,0.893632709980011,0.9168403744697571,136.0,222.2341766357422
CS2_35,507,200,0.9237202405929565,0.8939642310142517,0.9237143397331238,135.0,230.5565948486328
CS2_35,508,200,0.9144200682640076,0.8907421827316284,0.9237202405929565,134.0,236.88259887695312
CS2_35,509,200,0.9076129794120789,0.8925603628158569,0.9144200682640076,133.0,238.9776611328125
CS2_35,510,200,0.9076300859451294,0.8926397562026978,0.9076129794120789,132.0,237.4471893310547
CS2_35,511,200,0.9070267081260681,0.8913223147392273,0.9076300859451294,131.0,231.28623962402344
CS2_35,512,200,0.9063550233840942,0.8905224204063416,0.9070267081260681,130.0,222.16470336914062
CS2_35,513,200,0.9140815734863281,0.894567608833313,0.9063550233840942,129.0,214.2278289794922
CS2_35,514,200,0.9146963953971863,0.8895769119262695,0.9140815734863281,128.0,207.2433624267578
CS2_35,515,200,0.9148760437965393,0.8874390125274658,0.9146963357925415,127.0,202.5828094482422
CS2_35,516,200,0.9052565097808838,0.8870410919189453,0.9148759841918945,126.0,197.2702178955078
CS2_35,517,200,0.8984546065330505,0.8855727910995483,0.9052565097808838,125.0,191.27613830566406
CS2_35,518,200,0.8983882069587708,0.8847888708114624,0.8984545469284058,124.0,185.44137573242188
CS2_35,519,200,0.898034393787384,0.8835861682891846,0.8983882069587708,123.0,177.8785400390625
CS2_35,520,200,0.8982338905334473,0.8837456107139587,0.898034393787384,122.0,168.0730438232422
CS2_35,521,200,0.9061464071273804,0.8840152621269226,0.8982338905334473,121.0,158.91542053222656
CS2_35,522,200,0.9064674377441406,0.8814079761505127,0.9061464071273804,120.0,152.6334686279297
CS2_35,523,200,0.9051238894462585,0.8804069757461548,0.9064674377441406,119.0,150.82357788085938
CS2_35,524,200,0.8967711329460144,0.880796492099762,0.9051238298416138,118.0,150.01893615722656
CS2_35,525,200,0.8892238736152649,0.8804498314857483,0.8967711329460144,117.0,147.5585174560547
CS2_35,526,200,0.8966240882873535,0.8778489232063293,0.8892238736152649,116.0,142.7744598388672
CS2_35,527,200,0.8892220854759216,0.878272533416748,0.8966240882873535,115.0,134.25741577148438
CS2_35,528,200,0.888775646686554,0.8776281476020813,0.8892220854759216,114.0,122.93678283691406
CS2_35,529,200,0.8981384038925171,0.8770470023155212,0.888775646686554,113.0,110.98334503173828
CS2_35,530,200,0.8984679579734802,0.8764739632606506,0.8981384038925171,112.0,99.70052337646484
CS2_35,531,200,0.8958615660667419,0.8735910654067993,0.8984679579734802,111.0,90.5671615600586
CS2_35,532,200,0.888001561164856,0.87427818775177,0.8958615660667419,110.0,83.48920440673828
CS2_35,533,200,0.8888992071151733,0.8743976354598999,0.888001561164856,109.0,79.59046173095703
CS2_35,534,200,0.888800323009491,0.8726263642311096,0.8888992071151733,108.0,77.32849884033203
CS2_35,535,200,0.8882005214691162,0.8710249662399292,0.888800323009491,107.0,76.2861557006836
CS2_35,536,200,0.8888139724731445,0.8720178604125977,0.8882005214691162,106.0,73.04767608642578
CS2_35,537,200,0.8961203098297119,0.8701868653297424,0.8888139724731445,105.0,65.921142578125
CS2_35,538,200,0.8961985111236572,0.869081437587738,0.8961203098297119,104.0,56.9632568359375
CS2_35,539,200,0.896360456943512,0.8689888119697571,0.8961984515190125,103.0,49.15602111816406
CS2_35,540,200,0.8963600397109985,0.8692224025726318,0.8963603973388672,102.0,42.37442398071289
CS2_35,541,200,0.896224319934845,0.869869589805603,0.8963600397109985,101.0,38.66117477416992
CS2_35,542,200,0.896479606628418,0.8698869943618774,0.896224319934845,100.0,37.84736633300781
CS2_35,543,200,0.8965879678726196,0.8698247671127319,0.896479606628418,99.0,39.187129974365234
CS2_35,544,200,0.8965998291969299,0.870674192905426,0.8965879082679749,98.0,42.88873291015625
CS2_35,545,200,0.8965876698493958,0.8705751299858093,0.8965998291969299,97.0,49.616146087646484
CS2_35,546,200,0.8966440558433533,0.8696821928024292,0.8965876698493958,96.0,53.720027923583984
CS2_35,547,200,0.8967422842979431,0.8705260157585144,0.8966440558433533,95.0,55.12785720825195
CS2_35,548,200,0.8964688181877136,0.8705698847770691,0.8967422842979431,94.0,53.394073486328125
CS2_35,549,200,0.8964741826057434,0.8700506687164307,0.8964688181877136,93.0,48.482276916503906
CS2_35,550,200,0.8964430689811707,0.8698933124542236,0.8964741826057434,92.0,43.09452819824219
CS2_35,551,200,0.8965010643005371,0.8699936270713806,0.8964430689811707,91.0,39.393287658691406
CS2_35,552,200,0.879988968372345,0.8693182468414307,0.8965010643005371,90.0,36.824745178222656
CS2_35,553,200,0.8791704773902893,0.8675165772438049,0.879988968372345,89.0,36.09873962402344
CS2_35,554,200,0.8797184824943542,0.8654202818870544,0.8791704773902893,88.0,36.92219161987305
CS2_35,555,200,0.8873633742332458,0.8626461029052734,0.8797184824943542,87.0,42.427330017089844
CS2_35,556,200,0.8875856399536133,0.8622938990592957,0.8873633742332458,86.0,49.94704818725586
CS2_35,557,200,0.8788700699806213,0.8586880564689636,0.8875856399536133,85.0,48.65534591674805
CS2_35,558,200,0.8781692981719971,0.8593975305557251,0.8788700699806213,84.0,47.53761672973633
CS2_35,559,200,0.8779736161231995,0.857243537902832,0.8781692981719971,83.0,37.192378997802734
CS2_35,560,200,0.878217339515686,0.8567193150520325,0.8779736161231995,82.0,23.571937561035156
CS2_35,561,200,0.8779974579811096,0.8562269806861877,0.878217339515686,81.0,15.672526359558105
CS2_35,562,200,0.8790284991264343,0.8581151366233826,0.8779974579811096,80.0,8.381020545959473
CS2_35,563,200,0.880122721195221,0.8544115424156189,0.8790284991264343,79.0,3.475649833679199
CS2_35,564,200,0.8801037669181824,0.8524708151817322,0.880122721195221,78.0,-0.13953343033790588
CS2_35,565,200,0.8708941340446472,0.8536666035652161,0.8801037669181824,77.0,-0.5295231938362122
CS2_35,566,200,0.8699941039085388,0.8552115559577942,0.8708941340446472,76.0,-0.6339179277420044
CS2_35,567,200,0.8703633546829224,0.854944109916687,0.869994044303894,75.0,-0.6344879269599915
CS2_35,568,200,0.8701878786087036,0.8528702855110168,0.8703633546829224,74.0,-0.6314482092857361
CS2_35,569,200,0.8697259426116943,0.853020191192627,0.8701878786087036,73.0,-0.5200052857398987
CS2_35,570,200,0.8709462285041809,0.8535006046295166,0.8697258830070496,72.0,-0.3708032965660095
CS2_35,571,200,0.8709557056427002,0.853036642074585,0.8709462285041809,71.0,-0.08251497149467468
CS2_35,572,200,0.8776896595954895,0.8521916270256042,0.8709557056427002,70.0,-0.02210521697998047
CS2_35,573,200,0.8617314100265503,0.8519449830055237,0.8776896595954895,69.0,-0.038286492228507996
CS2_35,574,200,0.8612304925918579,0.8515369296073914,0.8617314100265503,68.0,-0.010460257530212402
CS2_35,575,200,0.8612645864486694,0.8501928448677063,0.8612304925918579,67.0,-0.015213988721370697
CS2_35,576,200,0.860697329044342,0.8485042452812195,0.8612645864486694,66.0,0.059991203248500824
CS2_35,577,200,0.8602808713912964,0.8465136289596558,0.860697329044342,65.0,0.09121626615524292
CS2_35,578,200,0.8692612051963806,0.8466461300849915,0.8602808713912964,64.0,0.08398611843585968
CS2_35,579,200,0.8701032996177673,0.8455468416213989,0.8692612051963806,63.0,0.06376039981842041
CS2_35,580,200,0.8704363703727722,0.8441796898841858,0.8701032996177673,62.0,0.0631563663482666
CS2_35,581,200,0.8605597615242004,0.8444316983222961,0.8704363703727722,61.0,0.06862702965736389
CS2_35,582,200,0.8610947728157043,0.8466229438781738,0.8605597615242004,60.0,0.07357881963253021
CS2_35,583,200,0.8615961670875549,0.8453686833381653,0.8610947728157043,59.0,0.08383399248123169
CS2_35,584,200,0.8614760637283325,0.8467581272125244,0.8615961670875549,58.0,0.09071734547615051
CS2_35,585,200,0.8689585328102112,0.847866415977478,0.8614760637283325,57.0,0.09351590275764465
CS2_35,586,200,0.8702070713043213,0.847907543182373,0.8689585328102112,56.0,0.09439459443092346
CS2_35,587,200,0.8706948757171631,0.8486691117286682,0.8702070713043213,55.0,0.09249093383550644
CS2_35,588,200,0.8708361387252808,0.8490229249000549,0.8706948757171631,54.0,0.08779948949813843
CS2_35,589,200,0.8708611726760864,0.849328339099884,0.8708361387252808,53.0,0.0825413390994072
CS2_35,590,200,0.8709606528282166,0.8508032560348511,0.8708611726760864,52.0,0.07410654425621033
CS2_35,591,200,0.8710032105445862,0.8513211607933044,0.8709606528282166,51.0,0.06972485780715942
CS2_35,592,200,0.8709043860435486,0.8505859971046448,0.8710032105445862,50.0,0.06170525401830673
CS2_35,593,200,0.8708347082138062,0.8513063788414001,0.8709043860435486,49.0,0.051101021468639374
CS2_35,594,200,0.8707651495933533,0.8512839674949646,0.8708347082138062,48.0,0.04534221813082695
CS2_35,595,200,0.8707020878791809,0.8507940173149109,0.8707650899887085,47.0,0.03750130534172058
CS2_35,596,200,0.8705803751945496,0.8506134748458862,0.8707020878791809,46.0,0.0322541743516922
CS2_35,597,200,0.8704184293746948,0.8508092761039734,0.8705803751945496,45.0,0.028892546892166138
CS2_35,598,200,0.870235025882721,0.8506079912185669,0.8704184293746948,44.0,0.024692974984645844
CS2_35,599,200,0.8699430823326111,0.8503488898277283,0.870235025882721,43.0,0.021505221724510193
CS2_35,600,200,0.8706964254379272,0.8503490090370178,0.8699430823326111,42.0,0.01874638721346855
CS2_35,601,200,0.8693876266479492,0.853119969367981,0.8706964254379272,41.0,0.019305095076560974
CS2_35,602,200,0.8617895245552063,0.8527764678001404,0.8693876266479492,40.0,0.023625962436199188
CS2_35,603,200,0.8705769777297974,0.8544566035270691,0.8617895245552063,39.0,0.04094439744949341
CS2_35,604,200,0.8704978823661804,0.854107677936554,0.8705769777297974,38.0,0.07670577615499496
CS2_35,605,200,0.8618109226226807,0.8522460460662842,0.8704978823661804,37.0,-0.6465197801589966
CS2_35,606,200,0.8526521325111389,0.8527765870094299,0.8618109226226807,36.0,8.681401252746582
CS2_35,607,200,0.8526912927627563,0.8542757034301758,0.8526520729064941,35.0,3.7290070056915283
CS2_35,608,200,0.8527118563652039,0.8513851761817932,0.8526912927627563,34.0,-0.027509614825248718
CS2_35,609,200,0.8527074456214905,0.8517516255378723,0.8527118563652039,33.0,0.0696755051612854
CS2_35,610,200,0.8525214791297913,0.8549414277076721,0.8527074456214905,32.0,0.05314779281616211
CS2_35,611,200,0.8619548082351685,0.8512267470359802,0.8525214791297913,31.0,0.04952597990632057
CS2_35,612,200,0.8686939477920532,0.8519513607025146,0.8619548082351685,30.0,0.049155477434396744
CS2_35,613,200,0.8607469797134399,0.850017249584198,0.8686938881874084,29.0,0.052570898085832596
CS2_35,614,200,0.8522859215736389,0.8506002426147461,0.8607469797134399,28.0,0.06023789197206497
CS2_35,615,200,0.8517866730690002,0.8508040904998779,0.8522859215736389,27.0,0.07184495031833649
CS2_35,616,200,0.852232038974762,0.85040283203125,0.8517866730690002,26.0,0.0857870876789093
CS2_35,617,200,0.851585865020752,0.8508685231208801,0.852232038974762,25.0,0.08525076508522034
CS2_35,618,200,0.8512696027755737,0.8501994013786316,0.851585865020752,24.0,0.07728831470012665
CS2_35,619,200,0.8602295517921448,0.8475931286811829,0.8512696027755737,23.0,0.05895772576332092
CS2_35,620,200,0.860758900642395,0.8470083475112915,0.8602295517921448,22.0,0.044411540031433105
CS2_35,621,200,0.8600875735282898,0.8484408855438232,0.860758900642395,21.0,0.039029479026794434
CS2_35,622,200,0.8435493111610413,0.8453651070594788,0.8600875735282898,20.0,0.03406432271003723
CS2_35,623,200,0.8422452807426453,0.8448539972305298,0.8435493111610413,19.0,0.027953289449214935
CS2_35,624,200,0.8704637289047241,0.844390332698822,0.8422452807426453,18.0,0.02321731299161911
CS2_35,625,200,0.8598846197128296,0.7907307744026184,0.8704637289047241,17.0,0.0068766772747039795
CS2_35,626,200,0.8333051800727844,0.8218452334403992,0.8598846197128296,16.0,0.005282595753669739
CS2_35,627,200,0.8159950375556946,0.770904004573822,0.8333051800727844,15.0,0.02085012197494507
CS2_35,628,200,0.8323062658309937,0.7910183668136597,0.8159950375556946,14.0,0.015370376408100128
CS2_35,629,200,0.8323560953140259,0.8100299835205078,0.8323062658309937,13.0,0.009174510836601257
CS2_35,630,200,0.8253019452095032,0.7835392355918884,0.8323560953140259,12.0,-0.07157796621322632
CS2_35,631,200,0.8058538436889648,0.7665490508079529,0.8253019452095032,11.0,0.030013401061296463
CS2_35,632,200,0.7884500622749329,0.8103716969490051,0.8058538436889648,10.0,0.010952524840831757
CS2_35,633,200,0.788066029548645,0.7880443334579468,0.7884500622749329,9.0,0.006502889096736908
CS2_35,634,200,0.7792850732803345,0.7296140789985657,0.788066029548645,8.0,-0.00812094658613205
CS2_35,635,200,0.7792702317237854,0.7973867058753967,0.7792850732803345,7.0,0.0010185539722442627
CS2_35,636,200,0.7885248064994812,0.7882917523384094,0.7792702317237854,6.0,0.009777016937732697
CS2_35,637,200,0.7963775396347046,0.7788649797439575,0.788524866104126,5.0,0.03042401373386383
CS2_35,638,200,0.7882017493247986,0.7729995846748352,0.7963775396347046,4.0,0.05425872653722763
CS2_35,639,200,0.7701175212860107,0.7725734710693359,0.7882017493247986,3.0,0.07175983488559723
CS2_35,640,200,0.7701022624969482,0.7689939737319946,0.7701175212860107,2.0,0.07996752113103867
CS2_35,641,200,0.7609089016914368,0.7620676159858704,0.7701022624969482,1.0,0.08207868039608002
CS2_35,642,200,0.7609134912490845,0.7540146112442017,0.7609089016914368,0.0,0.07810540497303009
CS2_35,643,200,0.7517404556274414,0.7475511431694031,0.7609134912490845,0.0,0.07178565859794617
CS2_35,644,200,0.7691311240196228,0.7445683479309082,0.7517404556274414,0.0,0.07272066175937653
CS2_35,645,200,0.7701674699783325,0.7366393208503723,0.7691311240196228,0.0,0.08316902816295624
CS2_35,646,200,0.7701848745346069,0.7368060946464539,0.7701674699783325,0.0,0.07143852114677429
CS2_35,647,200,0.7517701983451843,0.7369507551193237,0.7701848745346069,0.0,0.0022516846656799316
CS2_35,648,200,0.7425652742385864,0.7406975030899048,0.7517701983451843,0.0,-0.0988604724407196
CS2_35,649,200,0.7425782680511475,0.7330334782600403,0.7425652742385864,0.0,-0.16366003453731537
CS2_35,650,200,0.7425476312637329,0.7274677753448486,0.7425782680511475,0.0,-0.12335467338562012
CS2_35,651,200,0.7425616979598999,0.7234262824058533,0.7425476312637329,0.0,0.006444171071052551
CS2_35,652,200,0.7425751090049744,0.7208636999130249,0.7425616979598999,0.0,0.061888448894023895
CS2_35,653,200,0.7333804368972778,0.7176879048347473,0.7425751090049744,0.0,0.04993954300880432
CS2_35,654,200,0.733375608921051,0.7108127474784851,0.7333804368972778,0.0,-0.14794597029685974
CS2_35,655,200,0.7333672046661377,0.7076460123062134,0.733375608921051,0.0,-0.43805378675460815
CS2_35,656,200,0.7242229580879211,0.7047284841537476,0.7333672046661377,0.0,-0.6090297102928162
CS2_35,657,200,0.7242051959037781,0.701316237449646,0.7242229580879211,0.0,-0.628079891204834
CS2_35,658,200,0.733406126499176,0.6912522315979004,0.7242051959037781,0.0,-0.5871118903160095
CS2_35,659,200,0.7426056265830994,0.6871335506439209,0.733406126499176,0.0,-0.41825777292251587
CS2_35,660,200,0.7426148056983948,0.6858162879943848,0.7426056861877441,0.0,-0.15238505601882935
CS2_35,661,200,0.7421594262123108,0.6881130933761597,0.7426148653030396,0.0,0.1358664482831955
CS2_35,662,200,0.7426373958587646,0.6896857619285583,0.7421594262123108,0.0,0.5185748934745789
CS2_35,663,200,0.7421063184738159,0.6929775476455688,0.7426373958587646,0.0,0.6813549399375916
CS2_35,664,200,0.7426434755325317,0.6956827640533447,0.7421063184738159,0.0,0.29154253005981445
CS2_35,665,200,0.7426344752311707,0.6979410648345947,0.7426434755325317,0.0,-0.43966466188430786
CS2_35,666,200,0.7425243258476257,0.7032594680786133,0.7426344752311707,0.0,-0.6153154969215393
CS2_35,667,200,0.7426586151123047,0.7073695659637451,0.7425243854522705,0.0,-0.39134061336517334
CS2_35,668,200,0.7426360249519348,0.7097681760787964,0.7426586151123047,0.0,-0.22686779499053955
CS2_35,669,200,0.7425554394721985,0.7141408920288086,0.7426360249519348,0.0,-0.18836700916290283
CS2_35,670,200,0.7423319220542908,0.7193618416786194,0.7425554394721985,0.0,-0.15944461524486542
CS2_35,671,200,0.7420464754104614,0.7200451493263245,0.7423319220542908,0.0,-0.11676065623760223
CS2_35,672,200,0.7334742546081543,0.7201728820800781,0.7420464754104614,0.0,-0.07529184222221375
CS2_35,673,200,0.7701589465141296,0.7206175923347473,0.7334742546081543,0.0,-0.043949782848358154
CS2_35,674,200,0.7609032988548279,0.7320368885993958,0.7701589465141296,0.0,-0.03392190486192703
CS2_35,675,200,0.7426676154136658,0.7314354777336121,0.7609032988548279,0.0,-0.09195205569267273
CS2_35,676,200,0.7426465749740601,0.740378737449646,0.7426676154136658,0.0,-0.18312597274780273
CS2_35,677,200,0.7424494624137878,0.7387785911560059,0.7426465749740601,0.0,-0.13265861570835114
CS2_35,678,200,0.7420699596405029,0.7343239188194275,0.7424494624137878,0.0,0.06366319954395294
CS2_35,679,200,0.7334772944450378,0.735530436038971,0.7420699596405029,0.0,0.0734383761882782
CS2_35,680,200,0.7334932684898376,0.7366518974304199,0.7334772944450378,0.0,0.07483910024166107
CS2_35,681,200,0.7334957718849182,0.731464147567749,0.7334932684898376,0.0,0.07805430889129639
CS2_35,682,200,0.7243289947509766,0.7278340458869934,0.7334957718849182,0.0,0.00828513503074646
CS2_35,683,200,0.7243311405181885,0.7398293614387512,0.7243289947509766,0.0,-0.06538757681846619
CS2_35,684,200,0.7242494821548462,0.7280647158622742,0.7243311405181885,0.0,-0.12123577296733856
CS2_35,685,200,0.72402423620224,0.7232587933540344,0.7242494821548462,0.0,-0.08646783232688904
CS2_35,686,200,0.715090274810791,0.7187766432762146,0.72402423620224,0.0,-0.04118131846189499
CS2_35,687,200,0.7150819897651672,0.716029703617096,0.715090274810791,0.0,-0.03916322439908981
CS2_35,688,200,0.7239010334014893,0.713911235332489,0.7150819897651672,0.0,-0.0981147438287735
CS2_35,689,200,0.7243342995643616,0.7109852433204651,0.7239010334014893,0.0,-0.25289395451545715
CS2_35,690,200,0.7151250839233398,0.7160056233406067,0.7243342995643616,0.0,-0.37309858202934265
CS2_35,691,200,0.7059557437896729,0.709775984287262,0.7151250839233398,0.0,-0.4755673408508301
CS2_35,692,200,0.7059344053268433,0.7096143960952759,0.7059557437896729,0.0,-0.48096030950546265
CS2_35,693,200,0.7059285044670105,0.7048538327217102,0.7059344053268433,0.0,-0.4223158061504364
CS2_35,694,200,0.6967819929122925,0.6987834572792053,0.7059285640716553,0.0,-0.33686357736587524
CS2_35,695,200,0.6967729330062866,0.6944700479507446,0.6967819929122925,0.0,-0.3676963150501251
CS2_35,696,200,0.6967518925666809,0.6919368505477905,0.6967729330062866,0.0,-0.5741470456123352
CS2_35,697,200,0.6967558860778809,0.6886517405509949,0.6967518925666809,0.0,-0.5681179165840149
CS2_35,698,200,0.6967880725860596,0.6818568706512451,0.6967558860778809,0.0,-0.010863453149795532
CS2_35,699,200,0.6967592239379883,0.6829658150672913,0.6967881321907043,0.0,0.4904940724372864
CS2_35,700,200,0.6875823736190796,0.6764158606529236,0.6967592239379883,0.0,0.7625704407691956
CS2_35,701,200,0.6875702738761902,0.6710277199745178,0.6875823736190796,0.0,0.8575488328933716
CS2_35,702,200,0.6783817410469055,0.6679201126098633,0.687570333480835,0.0,0.8667739033699036
CS2_35,703,200,0.678402841091156,0.6652035117149353,0.6783817410469055,0.0,1.0541541576385498
CS2_35,704,200,0.678389310836792,0.6603161692619324,0.678402841091156,0.0,1.256286859512329
CS2_35,705,200,0.6783862113952637,0.6574232578277588,0.678389310836792,0.0,1.6422550678253174
CS2_35,706,200,0.6783815622329712,0.6546820998191833,0.6783862113952637,0.0,2.1771700382232666
CS2_35,707,200,0.6784119009971619,0.6492815017700195,0.6783815622329712,0.0,2.981445789337158
CS2_35,708,200,0.669214129447937,0.6485280990600586,0.6784119009971619,0.0,4.010767936706543
CS2_35,709,200,0.6692155003547668,0.6448521018028259,0.6692140698432922,0.0,5.101802825927734
CS2_35,710,200,0.6692230701446533,0.6428816914558411,0.6692155003547668,0.0,5.646324634552002
CS2_35,711,200,0.669230580329895,0.6388627290725708,0.6692230701446533,0.0,5.863461017608643
CS2_35,712,200,0.6692155599594116,0.6351560354232788,0.669230580329895,0.0,5.693799018859863
CS2_35,713,200,0.6600659489631653,0.6323119401931763,0.6692155599594116,0.0,5.626252174377441
CS2_35,714,200,0.6600411534309387,0.6312493085861206,0.6600659489631653,0.0,5.936375141143799
CS2_35,715,200,0.6600494384765625,0.6273289918899536,0.6600411534309387,0.0,6.106614112854004
CS2_35,716,200,0.6600511074066162,0.6262124180793762,0.6600493788719177,0.0,6.628857612609863
CS2_35,717,200,0.6600366830825806,0.6272068619728088,0.6600511074066162,0.0,6.62725830078125
CS2_35,718,200,0.6966496706008911,0.6232872009277344,0.6600366830825806,0.0,6.678265571594238
CS2_35,719,200,0.6783964037895203,0.6311419010162354,0.6966496706008911,0.0,6.883745193481445
CS2_35,720,200,0.6692261695861816,0.6296360492706299,0.6783964037895203,0.0,8.92227554321289
CS2_35,721,200,0.6692081093788147,0.6374016404151917,0.6692261695861816,0.0,9.823176383972168
CS2_35,722,200,0.6600509881973267,0.6376731991767883,0.6692081093788147,0.0,9.651544570922852
CS2_35,723,200,0.6600347757339478,0.6322722434997559,0.6600509881973267,0.0,6.742733478546143
CS2_35,724,200,0.6600434184074402,0.6326678395271301,0.6600347757339478,0.0,5.196971893310547
CS2_35,725,200,0.6600648164749146,0.6355969309806824,0.6600434184074402,0.0,4.6300048828125
CS2_35,726,200,0.6600675582885742,0.6294957399368286,0.6600648164749146,0.0,4.976378917694092
CS2_35,727,200,0.6600629091262817,0.6274053454399109,0.6600675582885742,0.0,7.265912055969238
CS2_35,728,200,0.6509026288986206,0.6350001096725464,0.6600629091262817,0.0,7.919293403625488
CS2_35,729,200,0.6417155861854553,0.6243473291397095,0.6509026288986206,0.0,7.983565330505371
CS2_35,730,200,0.6417005062103271,0.6185908913612366,0.6417155861854553,0.0,7.887209892272949
CS2_35,731,200,0.6325370073318481,0.6139751076698303,0.6417005062103271,0.0,7.8203301429748535
CS2_35,732,200,0.6325213313102722,0.6096575856208801,0.6325370073318481,0.0,7.734201431274414
CS2_35,733,200,0.6233725547790527,0.6060370206832886,0.6325213313102722,0.0,7.826671123504639
CS2_35,734,200,0.6233439445495605,0.6029571890830994,0.6233725547790527,0.0,8.163680076599121
CS2_35,735,200,0.6233635544776917,0.5989029407501221,0.6233439445495605,0.0,8.61616039276123
CS2_35,736,200,0.6233786344528198,0.5958036780357361,0.6233635544776917,0.0,9.220362663269043
CS2_35,737,200,0.6233572959899902,0.5936479568481445,0.6233786344528198,0.0,9.687898635864258
CS2_35,738,200,0.6325147747993469,0.5897738337516785,0.6233572959899902,0.0,9.899226188659668
CS2_35,739,200,0.6233120560646057,0.5875791311264038,0.6325147747993469,0.0,9.986909866333008
CS2_35,740,200,0.6141356229782104,0.5858937501907349,0.6233120560646057,0.0,9.888910293579102
CS2_35,741,200,0.6141446828842163,0.5827184915542603,0.6141356229782104,0.0,9.830506324768066
CS2_35,742,200,0.6141310930252075,0.5817034840583801,0.6141446232795715,0.0,9.61607837677002
CS2_35,743,200,0.6049631237983704,0.5794384479522705,0.6141310930252075,0.0,9.46229076385498
CS2_35,744,200,0.6049773693084717,0.5774149298667908,0.6049631237983704,0.0,9.542479515075684
CS2_35,745,200,0.6049814820289612,0.5764292478561401,0.6049773693084717,0.0,9.630023956298828
CS2_35,746,200,0.6141689419746399,0.575816810131073,0.6049814820289612,0.0,9.977890014648438
CS2_35,747,200,0.6049734354019165,0.5738165974617004,0.6141688823699951,0.0,9.971941947937012
CS2_35,748,200,0.6049995422363281,0.5730383396148682,0.6049734354019165,0.0,9.909807205200195
CS2_35,749,200,0.5958137512207031,0.5727070569992065,0.6049995422363281,0.0,9.731526374816895
CS2_35,750,200,0.595808744430542,0.5695985555648804,0.5958137512207031,0.0,9.595894813537598
CS2_35,751,200,0.586632490158081,0.5675321817398071,0.5958086848258972,0.0,9.505922317504883
CS2_35,752,200,0.5866355299949646,0.5662009119987488,0.586632490158081,0.0,9.456098556518555
CS2_35,753,200,0.5866171717643738,0.5645103454589844,0.5866355299949646,0.0,9.444818496704102
CS2_35,754,200,0.5866400003433228,0.5626095533370972,0.5866171717643738,0.0,9.604376792907715
CS2_35,755,200,0.577461838722229,0.5607790350914001,0.5866400003433228,0.0,9.761054039001465
CS2_35,756,200,0.5774557590484619,0.5593147277832031,0.577461838722229,0.0,9.94629192352295
CS2_35,757,200,0.5774537920951843,0.5570464134216309,0.5774556994438171,0.0,9.843856811523438
CS2_35,758,200,0.5958487391471863,0.5545533299446106,0.5774537324905396,0.0,9.73023509979248
CS2_35,759,200,0.6050330996513367,0.5531613826751709,0.5958486795425415,0.0,9.540204048156738
CS2_35,760,200,0.6050376892089844,0.5528342723846436,0.6050330996513367,0.0,9.61563777923584
CS2_35,761,200,0.6050310134887695,0.5542822480201721,0.6050376296043396,0.0,10.102005958557129
CS2_35,762,200,0.6050361394882202,0.5571584701538086,0.6050310134887695,0.0,10.77637004852295
CS2_35,763,200,0.6050387024879456,0.559584379196167,0.6050361394882202,0.0,11.2119779586792
CS2_35,764,200,0.6050573587417603,0.5617414116859436,0.6050387024879456,0.0,10.912840843200684
CS2_35,765,200,0.6050480008125305,0.565247654914856,0.6050573587417603,0.0,10.35496711730957
CS2_35,766,200,0.6050602793693542,0.568593442440033,0.6050480008125305,0.0,9.662323951721191
CS2_35,767,200,0.5958707332611084,0.570812463760376,0.6050602793693542,0.0,9.054265975952148
CS2_35,768,200,0.5867153406143188,0.572324275970459,0.5958707332611084,0.0,8.710230827331543
CS2_35,769,200,0.5775386095046997,0.5753794312477112,0.5867153406143188,0.0,8.78083610534668
CS2_35,770,200,0.5683542490005493,0.5733777284622192,0.5775386095046997,0.0,9.274677276611328
CS2_35,771,200,0.5591785907745361,0.5717592835426331,0.5683542490005493,0.0,9.777508735656738
CS2_35,772,200,0.5591953992843628,0.565361738204956,0.5591785907745361,0.0,10.29312801361084
CS2_35,773,200,0.5500280261039734,0.5612558126449585,0.5591953992843628,0.0,10.729711532592773
CS2_35,774,200,0.5500355958938599,0.5576867461204529,0.5500280261039734,0.0,10.983078956604004
CS2_35,775,200,0.5500047206878662,0.5543689727783203,0.5500355958938599,0.0,11.129101753234863
CS2_35,776,200,0.5500310659408569,0.5486322641372681,0.5500047206878662,0.0,11.048270225524902
CS2_35,777,200,0.5500169992446899,0.5430882573127747,0.5500310659408569,0.0,10.54483413696289
CS2_35,778,200,0.5408768653869629,0.5380058288574219,0.5500169992446899,0.0,9.871817588806152
CS2_35,779,200,0.5408724546432495,0.5329511761665344,0.5408768653869629,0.0,9.353872299194336
CS2_35,780,200,0.5408706665039062,0.5297529101371765,0.5408724546432495,0.0,8.992559432983398
CS2_35,781,200,0.5316896438598633,0.5279883146286011,0.5408706665039062,0.0,8.74069595336914
CS2_35,782,200,0.52252197265625,0.5257570743560791,0.5316896438598633,0.0,8.653724670410156
CS2_35,783,200,0.5225248336791992,0.5238001942634583,0.52252197265625,0.0,8.652240753173828
CS2_35,784,200,0.5317092537879944,0.5229715704917908,0.5225248336791992,0.0,8.652844429016113
CS2_35,785,200,0.5317183136940002,0.5203393697738647,0.5317092537879944,0.0,8.604540824890137
CS2_35,786,200,0.5316848754882812,0.5190561413764954,0.5317183136940002,0.0,8.7460355758667
CS2_35,787,200,0.5317137837409973,0.5196799635887146,0.5316848754882812,0.0,8.771429061889648
CS2_35,788,200,0.5408921241760254,0.5186173319816589,0.5317137837409973,0.0,8.985478401184082
CS2_35,789,200,0.5317133069038391,0.5172992944717407,0.5408921241760254,0.0,8.943300247192383
CS2_35,790,200,0.5317109227180481,0.5186634659767151,0.5317133069038391,0.0,8.725481986999512
CS2_35,791,200,0.5225296020507812,0.5185925960540771,0.5317109227180481,0.0,8.717573165893555
CS2_35,792,200,0.5225386023521423,0.5184336304664612,0.5225296020507812,0.0,8.678682327270508
CS2_35,793,200,0.5225355625152588,0.5186823010444641,0.5225386023521423,0.0,8.782465934753418
CS2_35,794,200,0.5133551359176636,0.518359363079071,0.5225355625152588,0.0,8.755095481872559
CS2_35,795,200,0.5041879415512085,0.5188262462615967,0.5133551359176636,0.0,8.870020866394043
CS2_35,796,200,0.4950309693813324,0.5181859135627747,0.5041879415512085,0.0,8.883400917053223
CS2_35,797,200,0.4950234293937683,0.515999972820282,0.4950309693813324,0.0,8.794325828552246
CS2_35,798,200,0.4950120151042938,0.5136191844940186,0.4950234293937683,0.0,8.667262077331543
CS2_35,799,200,0.49501296877861023,0.5120713114738464,0.4950120449066162,0.0,8.569180488586426
CS2_35,800,200,0.49505484104156494,0.5091857314109802,0.49501296877861023,0.0,8.521162986755371
CS2_35,801,200,0.48589158058166504,0.5063708424568176,0.49505484104156494,0.0,8.531414031982422
CS2_35,802,200,0.48588576912879944,0.5036383867263794,0.4858916103839874,0.0,8.310687065124512
CS2_35,803,200,0.4950486421585083,0.5009791851043701,0.48588576912879944,0.0,7.958275318145752
CS2_35,804,200,0.46754753589630127,0.4892294704914093,0.4950486421585083,0.0,7.468982696533203
CS2_35,805,200,0.4583934545516968,0.4959300458431244,0.46754753589630127,0.0,7.01403284072876
CS2_35,806,200,0.44921228289604187,0.4797617793083191,0.4583934545516968,0.0,7.448399543762207
CS2_35,807,200,0.4308806359767914,0.4846167266368866,0.44921228289604187,0.0,9.245553016662598
CS2_35,808,200,0.42169079184532166,0.48522621393203735,0.4308806359767914,0.0,11.482447624206543
CS2_35,809,200,0.42170006036758423,0.4754188656806946,0.42169079184532166,0.0,12.232882499694824
CS2_35,810,200,0.4033692479133606,0.4613744616508484,0.42170006036758423,0.0,11.17551040649414
CS2_35,811,200,0.3941834568977356,0.46315813064575195,0.4033692479133606,0.0,9.830182075500488
CS2_35,812,200,0.3941834568977356,0.4450528919696808,0.3941834568977356,0.0,8.779807090759277
CS2_35,813,200,0.39419999718666077,0.4233626425266266,0.3941834568977356,0.0,8.784457206726074
CS2_35,814,200,0.39419102668762207,0.4245982766151428,0.39419999718666077,0.0,9.146103858947754
CS2_35,815,200,0.3941832482814789,0.4063558578491211,0.39419102668762207,0.0,9.249471664428711
CS2_35,816,200,0.39418652653694153,0.3963807225227356,0.3941832482814789,0.0,9.381415367126465
CS2_35,817,200,0.38503360748291016,0.3841472268104553,0.39418652653694153,0.0,8.810976028442383
CS2_35,818,200,0.3758661448955536,0.3762112855911255,0.38503360748291016,0.0,7.985067844390869
CS2_35,819,200,0.37586620450019836,0.36712828278541565,0.375866174697876,0.0,6.759644508361816
CS2_35,820,200,0.36667561531066895,0.3594855070114136,0.37586620450019836,0.0,5.487384796142578
CS2_35,821,200,0.25667718052864075,0.3530462980270386,0.36667561531066895,0.0,5.304454326629639
CS2_35,822,200,0.35751721262931824,0.35414087772369385,0.25667718052864075,0.0,5.659041404724121
CS2_35,823,200,0.3575413227081299,0.3445844352245331,0.35751721262931824,0.0,6.2357707023620605
CS2_35,824,200,0.35755184292793274,0.3415897488594055,0.3575413227081299,0.0,7.063432216644287
CS2_35,825,200,0.3483830690383911,0.33584508299827576,0.35755184292793274,0.0,7.9250898361206055
CS2_35,826,200,0.3392087519168854,0.3226583003997803,0.3483830690383911,0.0,8.822220802307129
CS2_35,827,200,0.3483751714229584,0.3132765591144562,0.339208722114563,0.0,10.011792182922363
CS2_35,828,200,0.348375141620636,0.31339192390441895,0.3483751714229584,0.0,11.438348770141602
CS2_35,829,200,0.3575579822063446,0.2920696437358856,0.348375141620636,0.0,13.386246681213379
CS2_35,830,200,0.35754141211509705,0.28865891695022583,0.3575579822063446,0.0,15.308594703674316
CS2_35,831,200,0.3483749330043793,0.2892181873321533,0.35754141211509705,0.0,15.917794227600098
CS2_35,832,200,0.3392181694507599,0.2896914482116699,0.3483749330043793,0.0,16.922462463378906
CS2_35,833,200,0.33002451062202454,0.277601957321167,0.3392181694507599,0.0,16.101144790649414
CS2_35,834,200,0.3300274610519409,0.27698180079460144,0.33002451062202454,0.0,14.696928024291992
CS2_35,835,200,0.32085996866226196,0.2749239206314087,0.3300274610519409,0.0,14.346183776855469
CS2_35,836,200,0.3208630383014679,0.26813629269599915,0.32085996866226196,0.0,15.632037162780762
CS2_35,837,200,0.3116953372955322,0.2598280906677246,0.3208630383014679,0.0,15.867904663085938
CS2_35,838,200,0.31169232726097107,0.25771307945251465,0.3116953372955322,0.0,17.368257522583008
CS2_35,839,200,0.31170135736465454,0.25166934728622437,0.31169232726097107,0.0,19.654245376586914
CS2_35,840,200,0.302523672580719,0.24120956659317017,0.31170135736465454,0.0,21.51622772216797
CS2_35,841,200,0.3116953670978546,0.23368766903877258,0.302523672580719,0.0,22.55607795715332
CS2_35,842,200,0.31170740723609924,0.22517482936382294,0.3116953670978546,0.0,22.704242706298828
CS2_35,843,200,0.3116874098777771,0.2176583856344223,0.31170740723609924,0.0,22.700050354003906
CS2_35,844,200,0.302521675825119,0.21385864913463593,0.3116874098777771,0.0,22.83181381225586
CS2_35,845,200,0.302529901266098,0.21217936277389526,0.302521675825119,0.0,23.090763092041016
CS2_35,846,200,0.3025303781032562,0.21102440357208252,0.302529901266098,0.0,23.22534942626953
CS2_35,847,200,0.293367475271225,0.20968195796012878,0.3025303781032562,0.0,23.21297836303711
CS2_35,848,200,0.46754753589630127,0.2072850614786148,0.293367475271225,0.0,23.20043182373047
CS2_35,849,200,0.4583934545516968,0.24506457149982452,0.46754753589630127,0.0,26.935680389404297
CS2_35,850,200,0.44921228289604187,0.25023964047431946,0.4583934545516968,0.0,26.741907119750977
CS2_35,851,200,0.4308806359767914,0.3031582534313202,0.44921228289604187,0.0,26.705615997314453
CS2_35,852,200,0.42169079184532166,0.3274533152580261,0.4308806359767914,0.0,22.32381820678711
CS2_35,853,200,0.42170006036758423,0.3500222861766815,0.42169079184532166,0.0,15.918925285339355
CS2_35,854,200,0.412529319524765,0.37464073300361633,0.42170006036758423,0.0,11.048163414001465
CS2_35,855,200,0.40335413813591003,0.4135114252567291,0.412529319524765,0.0,8.796432495117188
CS2_35,856,200,0.4033692479133606,0.40401265025138855,0.40335413813591003,0.0,8.337618827819824
CS2_35,857,200,0.3941834568977356,0.4164773225784302,0.4033692479133606,0.0,7.565309524536133
CS2_35,858,200,0.3941834568977356,0.44364693760871887,0.3941834568977356,0.0,8.23580265045166
CS2_35,859,200,0.39419999718666077,0.4255070090293884,0.3941834568977356,0.0,8.496260643005371
CS2_35,860,200,0.39419102668762207,0.41119468212127686,0.39419999718666077,0.0,8.722721099853516
CS2_35,861,200,0.3941832482814789,0.3972775638103485,0.39419102668762207,0.0,8.449061393737793
CS2_35,862,200,0.39418652653694153,0.39017632603645325,0.3941832482814789,0.0,7.991686820983887
CS2_35,863,200,0.38503360748291016,0.3794928789138794,0.39418652653694153,0.0,7.660271167755127
CS2_35,864,200,0.3758661448955536,0.3716542422771454,0.38503360748291016,0.0,7.406047821044922
CS2_35,865,200,0.37586620450019836,0.3649180829524994,0.375866174697876,0.0,6.577427864074707
CS2_35,866,200,0.36667561531066895,0.3594856262207031,0.37586620450019836,0.0,5.476388931274414
CS2_35,867,200,0.25667718052864075,0.35304614901542664,0.36667561531066895,0.0,5.2930755615234375
CS2_35,868,200,0.35751721262931824,0.35414060950279236,0.25667718052864075,0.0,5.652064323425293
CS2_35,869,200,0.3575413227081299,0.34458425641059875,0.35751721262931824,0.0,6.228382110595703
CS2_35,870,200,0.35755184292793274,0.34158992767333984,0.3575413227081299,0.0,7.057776927947998
CS2_35,871,200,0.3483830690383911,0.3358451724052429,0.35755184292793274,0.0,7.920481204986572
CS2_35,872,200,0.3392087519168854,0.3226584196090698,0.3483830690383911,0.0,8.81752872467041
CS2_35,873,200,0.3483751714229584,0.3132771849632263,0.339208722114563,0.0,10.006623268127441
CS2_35,874,200,0.348375141620636,0.31339138746261597,0.3483751714229584,0.0,11.430468559265137
CS2_35,875,200,0.3575579822063446,0.2920698821544647,0.348375141620636,0.0,13.378117561340332
CS2_35,876,200,0.35754141211509705,0.2886587381362915,0.3575579822063446,0.0,15.304231643676758
CS2_35,877,200,0.3483749330043793,0.28921738266944885,0.35754141211509705,0.0,15.910224914550781
CS2_35,878,200,0.3392181694507599,0.28798791766166687,0.3483749330043793,0.0,16.8861141204834
CS2_35,879,200,0.33002451062202454,0.2742733955383301,0.3392181694507599,0.0,16.046838760375977
CS2_35,880,200,0.3300274610519409,0.2727418541908264,0.33002451062202454,0.0,15.043768882751465
CS2_35,881,200,0.32085996866226196,0.26704445481300354,0.3300274610519409,0.0,15.252123832702637
CS2_35,882,200,0.3208630383014679,0.2604514956474304,0.32085996866226196,0.0,16.869857788085938
