cycle,capacity_true,capacity_pred,abs_error,model,dataset,battery,seed
65,2.3510000705718994,2.35604190826416,0.005041837692260742,autoformer,tju,CY25-1,87
66,2.3487141132354736,2.353991985321045,0.005277872085571289,autoformer,tju,CY25-1,87
67,2.349036693572998,2.3523049354553223,0.0032682418823242188,autoformer,tju,CY25-1,87
68,2.347846508026123,2.353278636932373,0.00543212890625,autoformer,tju,CY25-1,87
69,2.3452978134155273,2.3488383293151855,0.003540515899658203,autoformer,tju,CY25-1,87
70,2.3441309928894043,2.348334312438965,0.004203319549560547,autoformer,tju,CY25-1,87
71,2.3430702686309814,2.348655939102173,0.005585670471191406,autoformer,tju,CY25-1,87
72,2.34206223487854,2.3475985527038574,0.005536317825317383,autoformer,tju,CY25-1,87
73,2.3407301902770996,2.3433151245117188,0.0025849342346191406,autoformer,tju,CY25-1,87
74,2.3397274017333984,2.3419508934020996,0.002223491668701172,autoformer,tju,CY25-1,87
75,2.338799476623535,2.3408350944519043,0.0020356178283691406,autoformer,tju,CY25-1,87
76,2.3379712104797363,2.3407626152038574,0.0027914047241210938,autoformer,tju,CY25-1,87
77,2.336914539337158,2.3406999111175537,0.003785371780395508,autoformer,tju,CY25-1,87
78,2.335010290145874,2.3371222019195557,0.0021119117736816406,autoformer,tju,CY25-1,87
79,2.3347268104553223,2.3341586589813232,0.0005681514739990234,autoformer,tju,CY25-1,87
80,2.333717107772827,2.3323631286621094,0.0013539791107177734,autoformer,tju,CY25-1,87
81,2.3325583934783936,2.3341310024261475,0.0015726089477539062,autoformer,tju,CY25-1,87
82,2.332667827606201,2.3340342044830322,0.0013663768768310547,autoformer,tju,CY25-1,87
83,2.3307909965515137,2.3344290256500244,0.003638029098510742,autoformer,tju,CY25-1,87
84,2.329462766647339,2.3326869010925293,0.0032241344451904297,autoformer,tju,CY25-1,87
85,2.3285000324249268,2.330942153930664,0.0024421215057373047,autoformer,tju,CY25-1,87
86,2.329357624053955,2.329667806625366,0.0003101825714111328,autoformer,tju,CY25-1,87
87,2.327378273010254,2.329163074493408,0.0017848014831542969,autoformer,tju,CY25-1,87
88,2.325857400894165,2.3274049758911133,0.0015475749969482422,autoformer,tju,CY25-1,87
89,2.3250138759613037,2.325038194656372,2.4318695068359375e-05,autoformer,tju,CY25-1,87
90,2.3247478008270264,2.322968006134033,0.001779794692993164,autoformer,tju,CY25-1,87
91,2.3238351345062256,2.3215253353118896,0.0023097991943359375,autoformer,tju,CY25-1,87
92,2.32228684425354,2.320279598236084,0.0020072460174560547,autoformer,tju,CY25-1,87
93,2.321206569671631,2.320253372192383,0.0009531974792480469,autoformer,tju,CY25-1,87
94,2.32041597366333,2.322172164916992,0.0017561912536621094,autoformer,tju,CY25-1,87
95,2.320878505706787,2.322421073913574,0.0015425682067871094,autoformer,tju,CY25-1,87
96,2.319002866744995,2.3253328800201416,0.006330013275146484,autoformer,tju,CY25-1,87
97,2.3177483081817627,2.323575496673584,0.005827188491821289,autoformer,tju,CY25-1,87
98,2.316462516784668,2.3222405910491943,0.005778074264526367,autoformer,tju,CY25-1,87
99,2.317138195037842,2.3183975219726562,0.0012593269348144531,autoformer,tju,CY25-1,87
100,2.3152999877929688,2.315455436706543,0.00015544891357421875,autoformer,tju,CY25-1,87
101,2.313593626022339,2.311785936355591,0.0018076896667480469,autoformer,tju,CY25-1,87
102,2.3132593631744385,2.309823989868164,0.003435373306274414,autoformer,tju,CY25-1,87
103,2.3136167526245117,2.3104827404022217,0.003134012222290039,autoformer,tju,CY25-1,87
104,2.3116986751556396,2.309837818145752,0.0018608570098876953,autoformer,tju,CY25-1,87
105,2.3103132247924805,2.310030698776245,0.00028252601623535156,autoformer,tju,CY25-1,87
106,2.3094370365142822,2.308790683746338,0.0006463527679443359,autoformer,tju,CY25-1,87
107,2.3086721897125244,2.3068623542785645,0.001809835433959961,autoformer,tju,CY25-1,87
108,2.3075788021087646,2.3073346614837646,0.000244140625,autoformer,tju,CY25-1,87
109,2.306675672531128,2.3070361614227295,0.0003604888916015625,autoformer,tju,CY25-1,87
110,2.306001901626587,2.3006033897399902,0.00539851188659668,autoformer,tju,CY25-1,87
111,2.304250717163086,2.303457260131836,0.00079345703125,autoformer,tju,CY25-1,87
112,2.3026974201202393,2.304563283920288,0.0018658638000488281,autoformer,tju,CY25-1,87
113,2.3015739917755127,2.3017189502716064,0.00014495849609375,autoformer,tju,CY25-1,87
114,2.300598621368408,2.3045525550842285,0.0039539337158203125,autoformer,tju,CY25-1,87
115,2.299823760986328,2.30399751663208,0.004173755645751953,autoformer,tju,CY25-1,87
116,2.2986631393432617,2.304032564163208,0.005369424819946289,autoformer,tju,CY25-1,87
117,2.2978687286376953,2.299826145172119,0.001957416534423828,autoformer,tju,CY25-1,87
118,2.296818494796753,2.299828290939331,0.003009796142578125,autoformer,tju,CY25-1,87
119,2.295830488204956,2.296924591064453,0.0010941028594970703,autoformer,tju,CY25-1,87
120,2.2948126792907715,2.295750141143799,0.0009374618530273438,autoformer,tju,CY25-1,87
121,2.2939319610595703,2.2918317317962646,0.002100229263305664,autoformer,tju,CY25-1,87
122,2.2930922508239746,2.2903594970703125,0.0027327537536621094,autoformer,tju,CY25-1,87
123,2.2916321754455566,2.2911901473999023,0.0004420280456542969,autoformer,tju,CY25-1,87
124,2.291189432144165,2.2882516384124756,0.002937793731689453,autoformer,tju,CY25-1,87
125,2.290336847305298,2.290874719619751,0.000537872314453125,autoformer,tju,CY25-1,87
126,2.289475202560425,2.287825107574463,0.001650094985961914,autoformer,tju,CY25-1,87
127,2.2888588905334473,2.288670778274536,0.0001881122589111328,autoformer,tju,CY25-1,87
128,2.287822961807251,2.286072254180908,0.0017507076263427734,autoformer,tju,CY25-1,87
129,2.2868642807006836,2.2867977619171143,6.651878356933594e-05,autoformer,tju,CY25-1,87
130,2.2861063480377197,2.284122943878174,0.0019834041595458984,autoformer,tju,CY25-1,87
131,2.2850921154022217,2.2837231159210205,0.0013689994812011719,autoformer,tju,CY25-1,87
132,2.283785581588745,2.2823116779327393,0.0014739036560058594,autoformer,tju,CY25-1,87
133,2.2835917472839355,2.2793564796447754,0.004235267639160156,autoformer,tju,CY25-1,87
134,2.2827892303466797,2.278339385986328,0.0044498443603515625,autoformer,tju,CY25-1,87
135,2.2815001010894775,2.280529022216797,0.0009710788726806641,autoformer,tju,CY25-1,87
136,2.2813942432403564,2.2804665565490723,0.0009276866912841797,autoformer,tju,CY25-1,87
137,2.2801973819732666,2.2755186557769775,0.0046787261962890625,autoformer,tju,CY25-1,87
138,2.2789690494537354,2.2767980098724365,0.002171039581298828,autoformer,tju,CY25-1,87
139,2.2782719135284424,2.2750868797302246,0.0031850337982177734,autoformer,tju,CY25-1,87
140,2.278930425643921,2.277468681335449,0.0014617443084716797,autoformer,tju,CY25-1,87
141,2.276658773422241,2.2736518383026123,0.0030069351196289062,autoformer,tju,CY25-1,87
142,2.2757034301757812,2.276376485824585,0.0006730556488037109,autoformer,tju,CY25-1,87
143,2.274632453918457,2.2753031253814697,0.0006706714630126953,autoformer,tju,CY25-1,87
144,2.27441668510437,2.2736599445343018,0.0007567405700683594,autoformer,tju,CY25-1,87
145,2.2731523513793945,2.2754082679748535,0.0022559165954589844,autoformer,tju,CY25-1,87
146,2.2721431255340576,2.2711925506591797,0.0009505748748779297,autoformer,tju,CY25-1,87
147,2.2720305919647217,2.2763187885284424,0.004288196563720703,autoformer,tju,CY25-1,87
148,2.2702977657318115,2.2696056365966797,0.0006921291351318359,autoformer,tju,CY25-1,87
149,2.269442319869995,2.2722926139831543,0.0028502941131591797,autoformer,tju,CY25-1,87
150,2.269772529602051,2.2707128524780273,0.0009403228759765625,autoformer,tju,CY25-1,87
151,2.2673182487487793,2.2671689987182617,0.00014925003051757812,autoformer,tju,CY25-1,87
152,2.266834259033203,2.2681503295898438,0.001316070556640625,autoformer,tju,CY25-1,87
153,2.2666478157043457,2.264235496520996,0.0024123191833496094,autoformer,tju,CY25-1,87
154,2.2648935317993164,2.262568712234497,0.002324819564819336,autoformer,tju,CY25-1,87
155,2.2649972438812256,2.2617738246917725,0.003223419189453125,autoformer,tju,CY25-1,87
156,2.2632415294647217,2.2605319023132324,0.002709627151489258,autoformer,tju,CY25-1,87
157,2.2617757320404053,2.2583770751953125,0.0033986568450927734,autoformer,tju,CY25-1,87
158,2.2614474296569824,2.2595741748809814,0.0018732547760009766,autoformer,tju,CY25-1,87
159,2.2604775428771973,2.2610368728637695,0.0005593299865722656,autoformer,tju,CY25-1,87
160,2.2642428874969482,2.260730504989624,0.0035123825073242188,autoformer,tju,CY25-1,87
161,2.2617712020874023,2.2572920322418213,0.004479169845581055,autoformer,tju,CY25-1,87
162,2.258681297302246,2.2545957565307617,0.004085540771484375,autoformer,tju,CY25-1,87
163,2.25602650642395,2.2562801837921143,0.0002536773681640625,autoformer,tju,CY25-1,87
164,2.2546823024749756,2.2540507316589355,0.0006315708160400391,autoformer,tju,CY25-1,87
165,2.253161907196045,2.253626823425293,0.0004649162292480469,autoformer,tju,CY25-1,87
166,2.251193046569824,2.255434989929199,0.004241943359375,autoformer,tju,CY25-1,87
167,2.2506027221679688,2.2523505687713623,0.0017478466033935547,autoformer,tju,CY25-1,87
168,2.2497425079345703,2.2527523040771484,0.003009796142578125,autoformer,tju,CY25-1,87
169,2.2484142780303955,2.2520360946655273,0.003621816635131836,autoformer,tju,CY25-1,87
170,2.2469139099121094,2.2518107891082764,0.004896879196166992,autoformer,tju,CY25-1,87
171,2.2464780807495117,2.2484498023986816,0.001971721649169922,autoformer,tju,CY25-1,87
172,2.2452993392944336,2.2490057945251465,0.0037064552307128906,autoformer,tju,CY25-1,87
173,2.2438743114471436,2.247737407684326,0.003863096237182617,autoformer,tju,CY25-1,87
174,2.2434680461883545,2.246486186981201,0.0030181407928466797,autoformer,tju,CY25-1,87
175,2.242342710494995,2.244722843170166,0.0023801326751708984,autoformer,tju,CY25-1,87
176,2.241183042526245,2.2434704303741455,0.0022873878479003906,autoformer,tju,CY25-1,87
177,2.240159273147583,2.240656852722168,0.0004975795745849609,autoformer,tju,CY25-1,87
178,2.2389039993286133,2.236264228820801,0.0026397705078125,autoformer,tju,CY25-1,87
179,2.238386631011963,2.238926649093628,0.0005400180816650391,autoformer,tju,CY25-1,87
180,2.2381341457366943,2.238823652267456,0.0006895065307617188,autoformer,tju,CY25-1,87
181,2.2364118099212646,2.2393686771392822,0.002956867218017578,autoformer,tju,CY25-1,87
182,2.235583543777466,2.236985206604004,0.001401662826538086,autoformer,tju,CY25-1,87
183,2.2343926429748535,2.234330415725708,6.222724914550781e-05,autoformer,tju,CY25-1,87
184,2.2335705757141113,2.233173370361328,0.0003972053527832031,autoformer,tju,CY25-1,87
185,2.233389139175415,2.233593225479126,0.0002040863037109375,autoformer,tju,CY25-1,87
186,2.2320444583892822,2.233616828918457,0.0015723705291748047,autoformer,tju,CY25-1,87
187,2.2313027381896973,2.2324440479278564,0.0011413097381591797,autoformer,tju,CY25-1,87
188,2.230038642883301,2.229861259460449,0.0001773834228515625,autoformer,tju,CY25-1,87
189,2.229297161102295,2.22755765914917,0.001739501953125,autoformer,tju,CY25-1,87
190,2.228694438934326,2.226292371749878,0.002402067184448242,autoformer,tju,CY25-1,87
191,2.2276296615600586,2.2258410453796387,0.0017886161804199219,autoformer,tju,CY25-1,87
192,2.2264723777770996,2.22697377204895,0.0005013942718505859,autoformer,tju,CY25-1,87
193,2.2261111736297607,2.226624011993408,0.0005128383636474609,autoformer,tju,CY25-1,87
194,2.2250819206237793,2.2276690006256104,0.0025870800018310547,autoformer,tju,CY25-1,87
195,2.2238125801086426,2.2296457290649414,0.005833148956298828,autoformer,tju,CY25-1,87
196,2.2232506275177,2.2300655841827393,0.0068149566650390625,autoformer,tju,CY25-1,87
197,2.2227423191070557,2.2297730445861816,0.0070307254791259766,autoformer,tju,CY25-1,87
198,2.2216854095458984,2.225637912750244,0.003952503204345703,autoformer,tju,CY25-1,87
199,2.2209205627441406,2.219285011291504,0.0016355514526367188,autoformer,tju,CY25-1,87
200,2.219576358795166,2.2207064628601074,0.0011301040649414062,autoformer,tju,CY25-1,87
201,2.2186903953552246,2.2190029621124268,0.00031256675720214844,autoformer,tju,CY25-1,87
202,2.217641830444336,2.2163631916046143,0.0012786388397216797,autoformer,tju,CY25-1,87
203,2.2164459228515625,2.2207581996917725,0.004312276840209961,autoformer,tju,CY25-1,87
204,2.2157788276672363,2.218536853790283,0.002758026123046875,autoformer,tju,CY25-1,87
205,2.2151660919189453,2.213996410369873,0.0011696815490722656,autoformer,tju,CY25-1,87
206,2.2144603729248047,2.21492600440979,0.00046563148498535156,autoformer,tju,CY25-1,87
207,2.2135164737701416,2.2119693756103516,0.001547098159790039,autoformer,tju,CY25-1,87
208,2.21285080909729,2.209406852722168,0.0034439563751220703,autoformer,tju,CY25-1,87
209,2.210472583770752,2.207319974899292,0.003152608871459961,autoformer,tju,CY25-1,87
210,2.209547996520996,2.2067627906799316,0.002785205841064453,autoformer,tju,CY25-1,87
211,2.2075788974761963,2.209233283996582,0.0016543865203857422,autoformer,tju,CY25-1,87
212,2.207019329071045,2.2101705074310303,0.0031511783599853516,autoformer,tju,CY25-1,87
213,2.2062010765075684,2.211585521697998,0.0053844451904296875,autoformer,tju,CY25-1,87
214,2.2049450874328613,2.2111144065856934,0.006169319152832031,autoformer,tju,CY25-1,87
215,2.2044246196746826,2.209611654281616,0.005187034606933594,autoformer,tju,CY25-1,87
216,2.202719211578369,2.2062509059906006,0.0035316944122314453,autoformer,tju,CY25-1,87
217,2.2024552822113037,2.205650806427002,0.003195524215698242,autoformer,tju,CY25-1,87
218,2.2006170749664307,2.2024550437927246,0.0018379688262939453,autoformer,tju,CY25-1,87
219,2.2004189491271973,2.2024574279785156,0.0020384788513183594,autoformer,tju,CY25-1,87
220,2.198770761489868,2.199054718017578,0.00028395652770996094,autoformer,tju,CY25-1,87
221,2.198390007019043,2.1981449127197266,0.00024509429931640625,autoformer,tju,CY25-1,87
222,2.1976735591888428,2.195986747741699,0.0016868114471435547,autoformer,tju,CY25-1,87
223,2.196596622467041,2.1950998306274414,0.0014967918395996094,autoformer,tju,CY25-1,87
224,2.195307493209839,2.193054676055908,0.002252817153930664,autoformer,tju,CY25-1,87
225,2.194678544998169,2.194729804992676,5.125999450683594e-05,autoformer,tju,CY25-1,87
226,2.1938347816467285,2.19446063041687,0.0006258487701416016,autoformer,tju,CY25-1,87
227,2.1932239532470703,2.192615509033203,0.0006084442138671875,autoformer,tju,CY25-1,87
228,2.192033290863037,2.1924939155578613,0.00046062469482421875,autoformer,tju,CY25-1,87
229,2.1903481483459473,2.190260648727417,8.749961853027344e-05,autoformer,tju,CY25-1,87
230,2.190206289291382,2.1912319660186768,0.0010256767272949219,autoformer,tju,CY25-1,87
231,2.1886367797851562,2.1918201446533203,0.0031833648681640625,autoformer,tju,CY25-1,87
232,2.187910795211792,2.19169282913208,0.003782033920288086,autoformer,tju,CY25-1,87
233,2.187462568283081,2.189223051071167,0.0017604827880859375,autoformer,tju,CY25-1,87
234,2.1867566108703613,2.1882388591766357,0.001482248306274414,autoformer,tju,CY25-1,87
235,2.1858725547790527,2.1843130588531494,0.0015594959259033203,autoformer,tju,CY25-1,87
236,2.1848747730255127,2.183511257171631,0.001363515853881836,autoformer,tju,CY25-1,87
237,2.1841983795166016,2.1838769912719727,0.00032138824462890625,autoformer,tju,CY25-1,87
238,2.1823816299438477,2.1820619106292725,0.0003197193145751953,autoformer,tju,CY25-1,87
239,2.181840419769287,2.183323383331299,0.0014829635620117188,autoformer,tju,CY25-1,87
240,2.1817233562469482,2.1836981773376465,0.001974821090698242,autoformer,tju,CY25-1,87
241,2.179856300354004,2.1779096126556396,0.0019466876983642578,autoformer,tju,CY25-1,87
242,2.179170608520508,2.1844382286071777,0.005267620086669922,autoformer,tju,CY25-1,87
243,2.1783370971679688,2.1813275814056396,0.0029904842376708984,autoformer,tju,CY25-1,87
244,2.1776111125946045,2.1792306900024414,0.001619577407836914,autoformer,tju,CY25-1,87
245,2.1766207218170166,2.1803789138793945,0.0037581920623779297,autoformer,tju,CY25-1,87
246,2.176095485687256,2.181187868118286,0.0050923824310302734,autoformer,tju,CY25-1,87
247,2.1748275756835938,2.180663824081421,0.0058362483978271484,autoformer,tju,CY25-1,87
248,2.173875093460083,2.1768038272857666,0.0029287338256835938,autoformer,tju,CY25-1,87
249,2.17356014251709,2.179147243499756,0.005587100982666016,autoformer,tju,CY25-1,87
250,2.1719679832458496,2.170696258544922,0.0012717247009277344,autoformer,tju,CY25-1,87
251,2.171353340148926,2.170839786529541,0.0005135536193847656,autoformer,tju,CY25-1,87
252,2.1702065467834473,2.169177293777466,0.0010292530059814453,autoformer,tju,CY25-1,87
253,2.1694488525390625,2.168142795562744,0.0013060569763183594,autoformer,tju,CY25-1,87
254,2.169426918029785,2.1680562496185303,0.0013706684112548828,autoformer,tju,CY25-1,87
255,2.167961359024048,2.165695905685425,0.002265453338623047,autoformer,tju,CY25-1,87
256,2.1668777465820312,2.1643714904785156,0.002506256103515625,autoformer,tju,CY25-1,87
257,2.1660993099212646,2.1703484058380127,0.004249095916748047,autoformer,tju,CY25-1,87
258,2.1701500415802,2.1644647121429443,0.005685329437255859,autoformer,tju,CY25-1,87
259,2.1666858196258545,2.162539005279541,0.0041468143463134766,autoformer,tju,CY25-1,87
260,2.164752960205078,2.1647865772247314,3.361701965332031e-05,autoformer,tju,CY25-1,87
261,2.162921190261841,2.159658670425415,0.0032625198364257812,autoformer,tju,CY25-1,87
262,2.160099744796753,2.1625962257385254,0.002496480941772461,autoformer,tju,CY25-1,87
263,2.1591296195983887,2.1643054485321045,0.00517582893371582,autoformer,tju,CY25-1,87
264,2.157505750656128,2.162165880203247,0.004660129547119141,autoformer,tju,CY25-1,87
265,2.1575047969818115,2.1608502864837646,0.003345489501953125,autoformer,tju,CY25-1,87
266,2.1552488803863525,2.1606273651123047,0.0053784847259521484,autoformer,tju,CY25-1,87
267,2.1540608406066895,2.15801739692688,0.00395655632019043,autoformer,tju,CY25-1,87
268,2.152371644973755,2.156437397003174,0.004065752029418945,autoformer,tju,CY25-1,87
269,2.1521589756011963,2.15645694732666,0.004297971725463867,autoformer,tju,CY25-1,87
270,2.1517488956451416,2.156930685043335,0.005181789398193359,autoformer,tju,CY25-1,87
271,2.1495919227600098,2.154365301132202,0.004773378372192383,autoformer,tju,CY25-1,87
272,2.1485202312469482,2.153421640396118,0.004901409149169922,autoformer,tju,CY25-1,87
273,2.1475563049316406,2.151789903640747,0.004233598709106445,autoformer,tju,CY25-1,87
274,2.147048234939575,2.1509861946105957,0.003937959671020508,autoformer,tju,CY25-1,87
275,2.145677089691162,2.1468353271484375,0.0011582374572753906,autoformer,tju,CY25-1,87
276,2.1455211639404297,2.144591808319092,0.0009293556213378906,autoformer,tju,CY25-1,87
277,2.143984317779541,2.14411997795105,0.00013566017150878906,autoformer,tju,CY25-1,87
278,2.1435070037841797,2.1468505859375,0.0033435821533203125,autoformer,tju,CY25-1,87
279,2.14231014251709,2.1468701362609863,0.004559993743896484,autoformer,tju,CY25-1,87
280,2.1408751010894775,2.14579701423645,0.004921913146972656,autoformer,tju,CY25-1,87
281,2.1406617164611816,2.143117666244507,0.0024559497833251953,autoformer,tju,CY25-1,87
282,2.1399292945861816,2.1422929763793945,0.0023636817932128906,autoformer,tju,CY25-1,87
283,2.13860821723938,2.1416287422180176,0.0030205249786376953,autoformer,tju,CY25-1,87
284,2.137214422225952,2.140111207962036,0.0028967857360839844,autoformer,tju,CY25-1,87
285,2.1365041732788086,2.1396281719207764,0.0031239986419677734,autoformer,tju,CY25-1,87
286,2.1352221965789795,2.138970375061035,0.003748178482055664,autoformer,tju,CY25-1,87
287,2.1355175971984863,2.136605739593506,0.0010881423950195312,autoformer,tju,CY25-1,87
288,2.132938861846924,2.134124517440796,0.0011856555938720703,autoformer,tju,CY25-1,87
289,2.1323940753936768,2.1328423023223877,0.0004482269287109375,autoformer,tju,CY25-1,87
290,2.131713390350342,2.133998155593872,0.0022847652435302734,autoformer,tju,CY25-1,87
291,2.1311392784118652,2.1339919567108154,0.0028526782989501953,autoformer,tju,CY25-1,87
292,2.130730152130127,2.1351184844970703,0.004388332366943359,autoformer,tju,CY25-1,87
293,2.1283504962921143,2.137728691101074,0.009378194808959961,autoformer,tju,CY25-1,87
294,2.128596067428589,2.1387484073638916,0.010152339935302734,autoformer,tju,CY25-1,87
295,2.1284918785095215,2.138425827026367,0.009933948516845703,autoformer,tju,CY25-1,87
296,2.126768112182617,2.1323416233062744,0.0055735111236572266,autoformer,tju,CY25-1,87
297,2.1249866485595703,2.130143642425537,0.005156993865966797,autoformer,tju,CY25-1,87
298,2.124490737915039,2.128333806991577,0.003843069076538086,autoformer,tju,CY25-1,87
299,2.1236367225646973,2.1274330615997314,0.0037963390350341797,autoformer,tju,CY25-1,87
300,2.1230432987213135,2.1250510215759277,0.002007722854614258,autoformer,tju,CY25-1,87
301,2.123009204864502,2.1262712478637695,0.003262042999267578,autoformer,tju,CY25-1,87
302,2.1207776069641113,2.1214802265167236,0.0007026195526123047,autoformer,tju,CY25-1,87
303,2.119858741760254,2.1230320930480957,0.003173351287841797,autoformer,tju,CY25-1,87
304,2.119370698928833,2.1202192306518555,0.0008485317230224609,autoformer,tju,CY25-1,87
305,2.118197202682495,2.1189746856689453,0.0007774829864501953,autoformer,tju,CY25-1,87
306,2.11820650100708,2.119224786758423,0.0010182857513427734,autoformer,tju,CY25-1,87
307,2.116964817047119,2.1174817085266113,0.0005168914794921875,autoformer,tju,CY25-1,87
308,2.114453077316284,2.118415355682373,0.003962278366088867,autoformer,tju,CY25-1,87
309,2.1133296489715576,2.1171469688415527,0.003817319869995117,autoformer,tju,CY25-1,87
310,2.1124067306518555,2.1171915531158447,0.004784822463989258,autoformer,tju,CY25-1,87
311,2.1128413677215576,2.118058681488037,0.005217313766479492,autoformer,tju,CY25-1,87
312,2.1101865768432617,2.117722749710083,0.007536172866821289,autoformer,tju,CY25-1,87
313,2.109417676925659,2.116241455078125,0.00682377815246582,autoformer,tju,CY25-1,87
314,2.1084699630737305,2.1142001152038574,0.005730152130126953,autoformer,tju,CY25-1,87
315,2.1072514057159424,2.113140821456909,0.005889415740966797,autoformer,tju,CY25-1,87
316,2.1076385974884033,2.111717700958252,0.004079103469848633,autoformer,tju,CY25-1,87
317,2.105883836746216,2.1084494590759277,0.002565622329711914,autoformer,tju,CY25-1,87
318,2.104235887527466,2.1061792373657227,0.001943349838256836,autoformer,tju,CY25-1,87
319,2.1038434505462646,2.109949827194214,0.006106376647949219,autoformer,tju,CY25-1,87
320,2.1027321815490723,2.1053099632263184,0.0025777816772460938,autoformer,tju,CY25-1,87
321,2.102220058441162,2.101985216140747,0.00023484230041503906,autoformer,tju,CY25-1,87
322,2.1013729572296143,2.102579116821289,0.0012061595916748047,autoformer,tju,CY25-1,87
323,2.100541830062866,2.099395275115967,0.001146554946899414,autoformer,tju,CY25-1,87
324,2.099363327026367,2.101379871368408,0.0020165443420410156,autoformer,tju,CY25-1,87
325,2.098719835281372,2.1005115509033203,0.0017917156219482422,autoformer,tju,CY25-1,87
326,2.0974695682525635,2.1011226177215576,0.0036530494689941406,autoformer,tju,CY25-1,87
327,2.0967905521392822,2.0986409187316895,0.0018503665924072266,autoformer,tju,CY25-1,87
328,2.096219062805176,2.098053455352783,0.0018343925476074219,autoformer,tju,CY25-1,87
329,2.095313549041748,2.094766616821289,0.0005469322204589844,autoformer,tju,CY25-1,87
330,2.094749927520752,2.0931382179260254,0.0016117095947265625,autoformer,tju,CY25-1,87
331,2.093308687210083,2.0918257236480713,0.0014829635620117188,autoformer,tju,CY25-1,87
332,2.092801332473755,2.0911898612976074,0.001611471176147461,autoformer,tju,CY25-1,87
333,2.0924596786499023,2.0955123901367188,0.0030527114868164062,autoformer,tju,CY25-1,87
334,2.0912463665008545,2.093543529510498,0.0022971630096435547,autoformer,tju,CY25-1,87
335,2.0903759002685547,2.088763952255249,0.001611948013305664,autoformer,tju,CY25-1,87
336,2.089611768722534,2.0872976779937744,0.0023140907287597656,autoformer,tju,CY25-1,87
337,2.0884976387023926,2.08774995803833,0.0007476806640625,autoformer,tju,CY25-1,87
338,2.087453842163086,2.090211868286133,0.002758026123046875,autoformer,tju,CY25-1,87
339,2.0868964195251465,2.0895297527313232,0.002633333206176758,autoformer,tju,CY25-1,87
340,2.0856077671051025,2.0914857387542725,0.005877971649169922,autoformer,tju,CY25-1,87
341,2.0850327014923096,2.088500499725342,0.0034677982330322266,autoformer,tju,CY25-1,87
342,2.0849430561065674,2.089827060699463,0.004884004592895508,autoformer,tju,CY25-1,87
343,2.084001064300537,2.08949613571167,0.0054950714111328125,autoformer,tju,CY25-1,87
344,2.0825514793395996,2.0845255851745605,0.0019741058349609375,autoformer,tju,CY25-1,87
345,2.0818545818328857,2.0835230350494385,0.0016684532165527344,autoformer,tju,CY25-1,87
346,2.082223892211914,2.080671548843384,0.0015523433685302734,autoformer,tju,CY25-1,87
347,2.0797293186187744,2.0775058269500732,0.002223491668701172,autoformer,tju,CY25-1,87
348,2.079105854034424,2.082535982131958,0.0034301280975341797,autoformer,tju,CY25-1,87
349,2.0785675048828125,2.07710337638855,0.0014641284942626953,autoformer,tju,CY25-1,87
350,2.0770864486694336,2.0742380619049072,0.002848386764526367,autoformer,tju,CY25-1,87
351,2.0773215293884277,2.075706720352173,0.0016148090362548828,autoformer,tju,CY25-1,87
352,2.0757369995117188,2.0736083984375,0.00212860107421875,autoformer,tju,CY25-1,87
353,2.0749406814575195,2.0780627727508545,0.003122091293334961,autoformer,tju,CY25-1,87
354,2.0739641189575195,2.0776331424713135,0.0036690235137939453,autoformer,tju,CY25-1,87
355,2.073352098464966,2.076718807220459,0.003366708755493164,autoformer,tju,CY25-1,87
356,2.0799505710601807,2.074312448501587,0.00563812255859375,autoformer,tju,CY25-1,87
357,2.075383186340332,2.073617458343506,0.0017657279968261719,autoformer,tju,CY25-1,87
358,2.0750112533569336,2.069049835205078,0.005961418151855469,autoformer,tju,CY25-1,87
359,2.0721371173858643,2.0680525302886963,0.004084587097167969,autoformer,tju,CY25-1,87
360,2.069364309310913,2.072340726852417,0.0029764175415039062,autoformer,tju,CY25-1,87
361,2.0671191215515137,2.0728187561035156,0.005699634552001953,autoformer,tju,CY25-1,87
362,2.0671048164367676,2.0724592208862305,0.005354404449462891,autoformer,tju,CY25-1,87
363,2.064986228942871,2.0714690685272217,0.006482839584350586,autoformer,tju,CY25-1,87
364,2.065081834793091,2.069725751876831,0.004643917083740234,autoformer,tju,CY25-1,87
365,2.063554525375366,2.0678205490112305,0.004266023635864258,autoformer,tju,CY25-1,87
366,2.061892509460449,2.0671608448028564,0.0052683353424072266,autoformer,tju,CY25-1,87
367,2.0614309310913086,2.0651509761810303,0.0037200450897216797,autoformer,tju,CY25-1,87
368,2.0607104301452637,2.0642359256744385,0.0035254955291748047,autoformer,tju,CY25-1,87
369,2.0592453479766846,2.064939260482788,0.005693912506103516,autoformer,tju,CY25-1,87
370,2.0582523345947266,2.0629420280456543,0.004689693450927734,autoformer,tju,CY25-1,87
371,2.0576648712158203,2.062178373336792,0.00451350212097168,autoformer,tju,CY25-1,87
372,2.0580894947052,2.0597479343414307,0.0016584396362304688,autoformer,tju,CY25-1,87
373,2.0557591915130615,2.0561466217041016,0.00038743019104003906,autoformer,tju,CY25-1,87
374,2.0543267726898193,2.0526201725006104,0.0017066001892089844,autoformer,tju,CY25-1,87
375,2.053884506225586,2.052243709564209,0.0016407966613769531,autoformer,tju,CY25-1,87
376,2.0534629821777344,2.0540285110473633,0.0005655288696289062,autoformer,tju,CY25-1,87
377,2.0525426864624023,2.0537703037261963,0.0012276172637939453,autoformer,tju,CY25-1,87
378,2.051126480102539,2.0544047355651855,0.0032782554626464844,autoformer,tju,CY25-1,87
379,2.050034523010254,2.0543510913848877,0.004316568374633789,autoformer,tju,CY25-1,87
380,2.0491480827331543,2.051226854324341,0.0020787715911865234,autoformer,tju,CY25-1,87
381,2.048401355743408,2.0522775650024414,0.003876209259033203,autoformer,tju,CY25-1,87
382,2.0484800338745117,2.050135374069214,0.0016553401947021484,autoformer,tju,CY25-1,87
383,2.046684980392456,2.049999237060547,0.0033142566680908203,autoformer,tju,CY25-1,87
384,2.046105146408081,2.0489513874053955,0.002846240997314453,autoformer,tju,CY25-1,87
385,2.0444741249084473,2.046499490737915,0.0020253658294677734,autoformer,tju,CY25-1,87
386,2.0445637702941895,2.043748378753662,0.0008153915405273438,autoformer,tju,CY25-1,87
387,2.044381856918335,2.0427780151367188,0.001603841781616211,autoformer,tju,CY25-1,87
388,2.042431592941284,2.0458483695983887,0.003416776657104492,autoformer,tju,CY25-1,87
389,2.0416321754455566,2.0445456504821777,0.0029134750366210938,autoformer,tju,CY25-1,87
390,2.0415525436401367,2.0464296340942383,0.0048770904541015625,autoformer,tju,CY25-1,87
391,2.0399091243743896,2.0429704189300537,0.0030612945556640625,autoformer,tju,CY25-1,87
392,2.039447546005249,2.0451622009277344,0.0057146549224853516,autoformer,tju,CY25-1,87
393,2.0385067462921143,2.0468695163726807,0.008362770080566406,autoformer,tju,CY25-1,87
394,2.0376739501953125,2.0405592918395996,0.0028853416442871094,autoformer,tju,CY25-1,87
395,2.0368587970733643,2.0386617183685303,0.0018029212951660156,autoformer,tju,CY25-1,87
396,2.0352933406829834,2.0433568954467773,0.008063554763793945,autoformer,tju,CY25-1,87
397,2.037396192550659,2.042379856109619,0.004983663558959961,autoformer,tju,CY25-1,87
398,2.0341832637786865,2.0379559993743896,0.003772735595703125,autoformer,tju,CY25-1,87
399,2.032910108566284,2.0431861877441406,0.010276079177856445,autoformer,tju,CY25-1,87
400,2.0325591564178467,2.0401711463928223,0.007611989974975586,autoformer,tju,CY25-1,87
401,2.032011032104492,2.0359930992126465,0.003982067108154297,autoformer,tju,CY25-1,87
402,2.0324888229370117,2.0343236923217773,0.001834869384765625,autoformer,tju,CY25-1,87
403,2.029909610748291,2.032485008239746,0.002575397491455078,autoformer,tju,CY25-1,87
404,2.029090642929077,2.0274226665496826,0.0016679763793945312,autoformer,tju,CY25-1,87
405,2.029129981994629,2.024017810821533,0.005112171173095703,autoformer,tju,CY25-1,87
406,2.026808738708496,2.02644419670105,0.00036454200744628906,autoformer,tju,CY25-1,87
407,2.0256283283233643,2.0304338932037354,0.004805564880371094,autoformer,tju,CY25-1,87
408,2.025308847427368,2.0294950008392334,0.004186153411865234,autoformer,tju,CY25-1,87
409,2.0243947505950928,2.0292398929595947,0.004845142364501953,autoformer,tju,CY25-1,87
410,2.0219638347625732,2.031144618988037,0.009180784225463867,autoformer,tju,CY25-1,87
411,2.0217275619506836,2.0296199321746826,0.007892370223999023,autoformer,tju,CY25-1,87
412,2.0202901363372803,2.0261778831481934,0.005887746810913086,autoformer,tju,CY25-1,87
413,2.0199780464172363,2.0235908031463623,0.0036127567291259766,autoformer,tju,CY25-1,87
414,2.0188677310943604,2.0247626304626465,0.005894899368286133,autoformer,tju,CY25-1,87
415,2.0174455642700195,2.0222861766815186,0.0048406124114990234,autoformer,tju,CY25-1,87
416,2.0177669525146484,2.023435354232788,0.0056684017181396484,autoformer,tju,CY25-1,87
417,2.0176258087158203,2.0179660320281982,0.0003402233123779297,autoformer,tju,CY25-1,87
418,2.0158636569976807,2.016446590423584,0.0005829334259033203,autoformer,tju,CY25-1,87
419,2.015030860900879,2.0160913467407227,0.00106048583984375,autoformer,tju,CY25-1,87
420,2.0140511989593506,2.0124502182006836,0.0016009807586669922,autoformer,tju,CY25-1,87
421,2.0144894123077393,2.0118393898010254,0.002650022506713867,autoformer,tju,CY25-1,87
422,2.0128493309020996,2.0121161937713623,0.0007331371307373047,autoformer,tju,CY25-1,87
423,2.0115060806274414,2.014862060546875,0.0033559799194335938,autoformer,tju,CY25-1,87
424,2.0114972591400146,2.014406681060791,0.002909421920776367,autoformer,tju,CY25-1,87
425,2.0106561183929443,2.0128839015960693,0.002227783203125,autoformer,tju,CY25-1,87
426,2.0095908641815186,2.0105860233306885,0.0009951591491699219,autoformer,tju,CY25-1,87
427,2.0087506771087646,2.012592315673828,0.0038416385650634766,autoformer,tju,CY25-1,87
428,2.0087807178497314,2.00628924369812,0.002491474151611328,autoformer,tju,CY25-1,87
429,2.008526086807251,2.012335777282715,0.003809690475463867,autoformer,tju,CY25-1,87
430,2.006077527999878,2.005608081817627,0.00046944618225097656,autoformer,tju,CY25-1,87
431,2.0057718753814697,2.0045390129089355,0.0012328624725341797,autoformer,tju,CY25-1,87
432,2.004727363586426,2.0035035610198975,0.0012238025665283203,autoformer,tju,CY25-1,87
433,2.0052123069763184,2.0029237270355225,0.0022885799407958984,autoformer,tju,CY25-1,87
434,2.0048727989196777,2.0043811798095703,0.0004916191101074219,autoformer,tju,CY25-1,87
435,2.0036203861236572,2.0040149688720703,0.00039458274841308594,autoformer,tju,CY25-1,87
436,2.0021533966064453,2.0007166862487793,0.0014367103576660156,autoformer,tju,CY25-1,87
437,2.0010926723480225,2.002272605895996,0.0011799335479736328,autoformer,tju,CY25-1,87
438,2.0003113746643066,2.004486322402954,0.004174947738647461,autoformer,tju,CY25-1,87
439,2.000063180923462,2.0019333362579346,0.0018701553344726562,autoformer,tju,CY25-1,87
440,1.9998632669448853,2.0029754638671875,0.003112196922302246,autoformer,tju,CY25-1,87
441,1.9989756345748901,2.005380153656006,0.006404519081115723,autoformer,tju,CY25-1,87
442,1.997335433959961,1.9974583387374878,0.00012290477752685547,autoformer,tju,CY25-1,87
443,1.9970093965530396,1.9993966817855835,0.0023872852325439453,autoformer,tju,CY25-1,87
444,1.9958933591842651,1.9970288276672363,0.0011354684829711914,autoformer,tju,CY25-1,87
445,1.9965754747390747,2.0030603408813477,0.006484866142272949,autoformer,tju,CY25-1,87
446,1.9952359199523926,1.9941201210021973,0.0011157989501953125,autoformer,tju,CY25-1,87
447,1.994325041770935,1.990749716758728,0.0035753250122070312,autoformer,tju,CY25-1,87
448,1.992932915687561,1.9941285848617554,0.001195669174194336,autoformer,tju,CY25-1,87
449,1.9921296834945679,1.9950437545776367,0.0029140710830688477,autoformer,tju,CY25-1,87
450,1.9918301105499268,1.9952309131622314,0.0034008026123046875,autoformer,tju,CY25-1,87
451,1.9915424585342407,1.9934028387069702,0.0018603801727294922,autoformer,tju,CY25-1,87
452,1.9897998571395874,1.984809398651123,0.0049904584884643555,autoformer,tju,CY25-1,87
453,1.9891939163208008,1.9898985624313354,0.000704646110534668,autoformer,tju,CY25-1,87
454,1.9970579147338867,1.99122953414917,0.005828380584716797,autoformer,tju,CY25-1,87
455,1.9935026168823242,1.9896984100341797,0.0038042068481445312,autoformer,tju,CY25-1,87
456,1.991044521331787,1.9869109392166138,0.00413358211517334,autoformer,tju,CY25-1,87
457,1.9895565509796143,1.9853039979934692,0.0042525529861450195,autoformer,tju,CY25-1,87
458,1.9870597124099731,1.9865494966506958,0.0005102157592773438,autoformer,tju,CY25-1,87
459,1.9858040809631348,1.988735318183899,0.00293123722076416,autoformer,tju,CY25-1,87
460,1.9848055839538574,1.988640308380127,0.0038347244262695312,autoformer,tju,CY25-1,87
461,1.9851531982421875,1.9877434968948364,0.0025902986526489258,autoformer,tju,CY25-1,87
462,1.982861876487732,1.9834414720535278,0.0005795955657958984,autoformer,tju,CY25-1,87
463,1.9810607433319092,1.9825211763381958,0.001460433006286621,autoformer,tju,CY25-1,87
464,1.980316162109375,1.9829436540603638,0.0026274919509887695,autoformer,tju,CY25-1,87
465,1.9789469242095947,1.9806562662124634,0.0017093420028686523,autoformer,tju,CY25-1,87
466,1.978130578994751,1.978543996810913,0.0004134178161621094,autoformer,tju,CY25-1,87
467,1.9773476123809814,1.9776721000671387,0.00032448768615722656,autoformer,tju,CY25-1,87
468,1.9772961139678955,1.9781360626220703,0.0008399486541748047,autoformer,tju,CY25-1,87
469,1.9756146669387817,1.9787743091583252,0.003159642219543457,autoformer,tju,CY25-1,87
470,1.9756680727005005,1.9769939184188843,0.001325845718383789,autoformer,tju,CY25-1,87
471,1.9731273651123047,1.9750139713287354,0.001886606216430664,autoformer,tju,CY25-1,87
472,1.9729174375534058,1.9717589616775513,0.0011584758758544922,autoformer,tju,CY25-1,87
473,1.9731041193008423,1.9717425107955933,0.0013616085052490234,autoformer,tju,CY25-1,87
474,1.9718399047851562,1.971569299697876,0.00027060508728027344,autoformer,tju,CY25-1,87
475,1.9704835414886475,1.9729340076446533,0.0024504661560058594,autoformer,tju,CY25-1,87
476,1.970009684562683,1.972633957862854,0.0026242733001708984,autoformer,tju,CY25-1,87
477,1.9692373275756836,1.9711288213729858,0.001891493797302246,autoformer,tju,CY25-1,87
478,1.9688764810562134,1.9706350564956665,0.001758575439453125,autoformer,tju,CY25-1,87
479,1.9677422046661377,1.968385934829712,0.0006437301635742188,autoformer,tju,CY25-1,87
480,1.9656416177749634,1.9674935340881348,0.0018519163131713867,autoformer,tju,CY25-1,87
481,1.9671447277069092,1.9665699005126953,0.0005748271942138672,autoformer,tju,CY25-1,87
482,1.9653455018997192,1.9658582210540771,0.0005127191543579102,autoformer,tju,CY25-1,87
483,1.964956283569336,1.9647334814071655,0.00022280216217041016,autoformer,tju,CY25-1,87
484,1.9636744260787964,1.9618650674819946,0.0018093585968017578,autoformer,tju,CY25-1,87
485,1.9628591537475586,1.9613767862319946,0.0014823675155639648,autoformer,tju,CY25-1,87
486,1.9625674486160278,1.9623847007751465,0.00018274784088134766,autoformer,tju,CY25-1,87
487,1.963502049446106,1.9630231857299805,0.0004788637161254883,autoformer,tju,CY25-1,87
488,1.961043357849121,1.9640169143676758,0.0029735565185546875,autoformer,tju,CY25-1,87
489,1.9602129459381104,1.9640562534332275,0.0038433074951171875,autoformer,tju,CY25-1,87
490,1.9590601921081543,1.965074062347412,0.0060138702392578125,autoformer,tju,CY25-1,87
491,1.958256721496582,1.9619216918945312,0.0036649703979492188,autoformer,tju,CY25-1,87
492,1.9577183723449707,1.962032675743103,0.004314303398132324,autoformer,tju,CY25-1,87
493,1.9566073417663574,1.9612548351287842,0.004647493362426758,autoformer,tju,CY25-1,87
494,1.9568352699279785,1.9602391719818115,0.003403902053833008,autoformer,tju,CY25-1,87
495,1.9563957452774048,1.9595012664794922,0.0031055212020874023,autoformer,tju,CY25-1,87
496,1.9550937414169312,1.9615627527236938,0.006469011306762695,autoformer,tju,CY25-1,87
497,1.9537248611450195,1.9551411867141724,0.001416325569152832,autoformer,tju,CY25-1,87
498,1.9528214931488037,1.9579838514328003,0.005162358283996582,autoformer,tju,CY25-1,87
499,1.95260751247406,1.9514594078063965,0.0011481046676635742,autoformer,tju,CY25-1,87
500,1.9537086486816406,1.954781174659729,0.001072525978088379,autoformer,tju,CY25-1,87
501,1.95133376121521,1.9532573223114014,0.0019235610961914062,autoformer,tju,CY25-1,87
502,1.949868083000183,1.9508508443832397,0.0009827613830566406,autoformer,tju,CY25-1,87
503,1.9498869180679321,1.9486799240112305,0.0012069940567016602,autoformer,tju,CY25-1,87
504,1.9476494789123535,1.9475632905960083,8.618831634521484e-05,autoformer,tju,CY25-1,87
505,1.94637930393219,1.9490162134170532,0.0026369094848632812,autoformer,tju,CY25-1,87
506,1.9465478658676147,1.9493560791015625,0.002808213233947754,autoformer,tju,CY25-1,87
507,1.9454419612884521,1.9503320455551147,0.004890084266662598,autoformer,tju,CY25-1,87
508,1.945258617401123,1.9496721029281616,0.004413485527038574,autoformer,tju,CY25-1,87
509,1.9442099332809448,1.9491676092147827,0.004957675933837891,autoformer,tju,CY25-1,87
510,1.9432653188705444,1.9435871839523315,0.0003218650817871094,autoformer,tju,CY25-1,87
511,1.9417933225631714,1.9451453685760498,0.003352046012878418,autoformer,tju,CY25-1,87
512,1.941351056098938,1.941535472869873,0.0001844167709350586,autoformer,tju,CY25-1,87
513,1.9411380290985107,1.943192958831787,0.002054929733276367,autoformer,tju,CY25-1,87
514,1.9399908781051636,1.9416520595550537,0.0016611814498901367,autoformer,tju,CY25-1,87
515,1.9393317699432373,1.9403409957885742,0.001009225845336914,autoformer,tju,CY25-1,87
516,1.9387733936309814,1.9404979944229126,0.0017246007919311523,autoformer,tju,CY25-1,87
517,1.938096284866333,1.9401075839996338,0.0020112991333007812,autoformer,tju,CY25-1,87
518,1.9367965459823608,1.9338173866271973,0.0029791593551635742,autoformer,tju,CY25-1,87
519,1.9367448091506958,1.937882900238037,0.0011380910873413086,autoformer,tju,CY25-1,87
520,1.9359285831451416,1.9356346130371094,0.00029397010803222656,autoformer,tju,CY25-1,87
521,1.9347413778305054,1.9368170499801636,0.002075672149658203,autoformer,tju,CY25-1,87
522,1.9344141483306885,1.9370051622390747,0.0025910139083862305,autoformer,tju,CY25-1,87
523,1.9344565868377686,1.9324320554733276,0.002024531364440918,autoformer,tju,CY25-1,87
524,1.9333544969558716,1.9305225610733032,0.0028319358825683594,autoformer,tju,CY25-1,87
525,1.932815432548523,1.9292950630187988,0.003520369529724121,autoformer,tju,CY25-1,87
526,1.931801438331604,1.93016517162323,0.0016362667083740234,autoformer,tju,CY25-1,87
527,1.9309474229812622,1.933345913887024,0.0023984909057617188,autoformer,tju,CY25-1,87
528,1.930608868598938,1.9331611394882202,0.0025522708892822266,autoformer,tju,CY25-1,87
529,1.9288697242736816,1.930282711982727,0.0014129877090454102,autoformer,tju,CY25-1,87
530,1.9298564195632935,1.9314448833465576,0.0015884637832641602,autoformer,tju,CY25-1,87
531,1.9291374683380127,1.9252065420150757,0.003930926322937012,autoformer,tju,CY25-1,87
532,1.927603006362915,1.926893949508667,0.0007090568542480469,autoformer,tju,CY25-1,87
533,1.9264482259750366,1.9280028343200684,0.0015546083450317383,autoformer,tju,CY25-1,87
534,1.9257994890213013,1.9259231090545654,0.00012362003326416016,autoformer,tju,CY25-1,87
535,1.9257118701934814,1.9284610748291016,0.002749204635620117,autoformer,tju,CY25-1,87
536,1.926126480102539,1.9299862384796143,0.0038597583770751953,autoformer,tju,CY25-1,87
537,1.9254939556121826,1.9255491495132446,5.519390106201172e-05,autoformer,tju,CY25-1,87
538,1.9235401153564453,1.9249955415725708,0.0014554262161254883,autoformer,tju,CY25-1,87
539,1.9226735830307007,1.9211647510528564,0.0015088319778442383,autoformer,tju,CY25-1,87
540,1.9218956232070923,1.9205310344696045,0.001364588737487793,autoformer,tju,CY25-1,87
541,1.9216618537902832,1.9192278385162354,0.0024340152740478516,autoformer,tju,CY25-1,87
542,1.9210972785949707,1.9217616319656372,0.0006643533706665039,autoformer,tju,CY25-1,87
543,1.9209238290786743,1.9199752807617188,0.0009485483169555664,autoformer,tju,CY25-1,87
544,1.9209250211715698,1.916988730430603,0.003936290740966797,autoformer,tju,CY25-1,87
545,1.9194798469543457,1.91679048538208,0.002689361572265625,autoformer,tju,CY25-1,87
546,1.918387770652771,1.9157441854476929,0.002643585205078125,autoformer,tju,CY25-1,87
547,1.91717529296875,1.916473627090454,0.0007016658782958984,autoformer,tju,CY25-1,87
548,1.9165735244750977,1.9182931184768677,0.0017195940017700195,autoformer,tju,CY25-1,87
549,1.9156619310379028,1.9175312519073486,0.0018693208694458008,autoformer,tju,CY25-1,87
550,1.9160603284835815,1.9153369665145874,0.0007233619689941406,autoformer,tju,CY25-1,87
551,1.9157917499542236,1.9146761894226074,0.001115560531616211,autoformer,tju,CY25-1,87
552,1.9226555824279785,1.9141840934753418,0.008471488952636719,autoformer,tju,CY25-1,87
553,1.9200544357299805,1.9124493598937988,0.007605075836181641,autoformer,tju,CY25-1,87
554,1.9190105199813843,1.9094443321228027,0.009566187858581543,autoformer,tju,CY25-1,87
555,1.9150726795196533,1.908814787864685,0.006257891654968262,autoformer,tju,CY25-1,87
556,1.9140900373458862,1.9126046895980835,0.0014853477478027344,autoformer,tju,CY25-1,87
557,1.9127731323242188,1.9121744632720947,0.0005986690521240234,autoformer,tju,CY25-1,87
558,1.9119791984558105,1.9125044345855713,0.0005252361297607422,autoformer,tju,CY25-1,87
559,1.911526083946228,1.9126700162887573,0.0011439323425292969,autoformer,tju,CY25-1,87
560,1.9096052646636963,1.911967396736145,0.0023621320724487305,autoformer,tju,CY25-1,87
561,1.9084419012069702,1.9096007347106934,0.0011588335037231445,autoformer,tju,CY25-1,87
562,1.907515525817871,1.9083542823791504,0.0008387565612792969,autoformer,tju,CY25-1,87
563,1.9070026874542236,1.9083002805709839,0.001297593116760254,autoformer,tju,CY25-1,87
564,1.906374216079712,1.9072870016098022,0.000912785530090332,autoformer,tju,CY25-1,87
565,1.9050309658050537,1.907496452331543,0.002465486526489258,autoformer,tju,CY25-1,87
566,1.9056247472763062,1.9074296951293945,0.001804947853088379,autoformer,tju,CY25-1,87
567,1.903443455696106,1.9032846689224243,0.00015878677368164062,autoformer,tju,CY25-1,87
568,1.9027858972549438,1.9004321098327637,0.0023537874221801758,autoformer,tju,CY25-1,87
569,1.901738166809082,1.8995939493179321,0.0021442174911499023,autoformer,tju,CY25-1,87
570,1.8998972177505493,1.8989251852035522,0.0009720325469970703,autoformer,tju,CY25-1,87
571,1.899892807006836,1.8989152908325195,0.0009775161743164062,autoformer,tju,CY25-1,87
572,1.8996578454971313,1.8984920978546143,0.0011657476425170898,autoformer,tju,CY25-1,87
573,1.8978779315948486,1.8996347188949585,0.0017567873001098633,autoformer,tju,CY25-1,87
574,1.8992279767990112,1.9004310369491577,0.0012030601501464844,autoformer,tju,CY25-1,87
575,1.8967382907867432,1.8998048305511475,0.003066539764404297,autoformer,tju,CY25-1,87
576,1.8960522413253784,1.899574637413025,0.0035223960876464844,autoformer,tju,CY25-1,87
577,1.8956739902496338,1.8969497680664062,0.001275777816772461,autoformer,tju,CY25-1,87
578,1.8950237035751343,1.8962836265563965,0.001259922981262207,autoformer,tju,CY25-1,87
579,1.8946141004562378,1.893955111503601,0.0006589889526367188,autoformer,tju,CY25-1,87
580,1.8954992294311523,1.8929933309555054,0.0025058984756469727,autoformer,tju,CY25-1,87
581,1.8910523653030396,1.8926212787628174,0.001568913459777832,autoformer,tju,CY25-1,87
582,1.8917584419250488,1.8936299085617065,0.0018714666366577148,autoformer,tju,CY25-1,87
583,1.890708327293396,1.8893439769744873,0.0013643503189086914,autoformer,tju,CY25-1,87
584,1.8898710012435913,1.890312671661377,0.00044167041778564453,autoformer,tju,CY25-1,87
585,1.8894637823104858,1.8882801532745361,0.001183629035949707,autoformer,tju,CY25-1,87
586,1.8898260593414307,1.888453722000122,0.0013723373413085938,autoformer,tju,CY25-1,87
587,1.888260841369629,1.8901742696762085,0.0019134283065795898,autoformer,tju,CY25-1,87
588,1.8882253170013428,1.8937022686004639,0.005476951599121094,autoformer,tju,CY25-1,87
589,1.8861478567123413,1.8854219913482666,0.000725865364074707,autoformer,tju,CY25-1,87
590,1.8854217529296875,1.887357234954834,0.0019354820251464844,autoformer,tju,CY25-1,87
591,1.8851306438446045,1.8899956941604614,0.004865050315856934,autoformer,tju,CY25-1,87
592,1.8856250047683716,1.8880656957626343,0.0024406909942626953,autoformer,tju,CY25-1,87
593,1.8818778991699219,1.8866249322891235,0.00474703311920166,autoformer,tju,CY25-1,87
594,1.8826433420181274,1.8863756656646729,0.00373232364654541,autoformer,tju,CY25-1,87
595,1.8853085041046143,1.883334755897522,0.001973748207092285,autoformer,tju,CY25-1,87
596,1.8829357624053955,1.8830344676971436,9.870529174804688e-05,autoformer,tju,CY25-1,87
597,1.8815556764602661,1.881064534187317,0.0004911422729492188,autoformer,tju,CY25-1,87
598,1.880825161933899,1.8781856298446655,0.0026395320892333984,autoformer,tju,CY25-1,87
599,1.880078911781311,1.876192569732666,0.0038863420486450195,autoformer,tju,CY25-1,87
600,1.8792039155960083,1.8768987655639648,0.002305150032043457,autoformer,tju,CY25-1,87
601,1.879778265953064,1.878071904182434,0.0017063617706298828,autoformer,tju,CY25-1,87
602,1.878036618232727,1.8779690265655518,6.759166717529297e-05,autoformer,tju,CY25-1,87
603,1.877668023109436,1.8789441585540771,0.0012761354446411133,autoformer,tju,CY25-1,87
604,1.8763889074325562,1.8764876127243042,9.870529174804688e-05,autoformer,tju,CY25-1,87
605,1.8760805130004883,1.8763540983200073,0.00027358531951904297,autoformer,tju,CY25-1,87
606,1.8745611906051636,1.8781547546386719,0.0035935640335083008,autoformer,tju,CY25-1,87
607,1.873942255973816,1.8742458820343018,0.00030362606048583984,autoformer,tju,CY25-1,87
608,1.8732666969299316,1.8743667602539062,0.0011000633239746094,autoformer,tju,CY25-1,87
609,1.8722264766693115,1.8763766288757324,0.0041501522064208984,autoformer,tju,CY25-1,87
610,1.871923565864563,1.8750193119049072,0.0030957460403442383,autoformer,tju,CY25-1,87
611,1.8714014291763306,1.870269775390625,0.0011316537857055664,autoformer,tju,CY25-1,87
612,1.870593547821045,1.8739246129989624,0.0033310651779174805,autoformer,tju,CY25-1,87
613,1.8698807954788208,1.8743488788604736,0.004468083381652832,autoformer,tju,CY25-1,87
614,1.869480848312378,1.8704848289489746,0.0010039806365966797,autoformer,tju,CY25-1,87
615,1.868668556213379,1.868590235710144,7.832050323486328e-05,autoformer,tju,CY25-1,87
616,1.867822289466858,1.8670427799224854,0.0007795095443725586,autoformer,tju,CY25-1,87
617,1.8665087223052979,1.8653757572174072,0.001132965087890625,autoformer,tju,CY25-1,87
618,1.8674147129058838,1.8681669235229492,0.0007522106170654297,autoformer,tju,CY25-1,87
619,1.8659852743148804,1.8638794422149658,0.0021058320999145508,autoformer,tju,CY25-1,87
620,1.8653559684753418,1.8665612936019897,0.0012053251266479492,autoformer,tju,CY25-1,87
621,1.8659114837646484,1.864896535873413,0.0010149478912353516,autoformer,tju,CY25-1,87
622,1.8644630908966064,1.8635210990905762,0.0009419918060302734,autoformer,tju,CY25-1,87
623,1.863205909729004,1.8611408472061157,0.0020650625228881836,autoformer,tju,CY25-1,87
624,1.8629939556121826,1.8637561798095703,0.0007622241973876953,autoformer,tju,CY25-1,87
625,1.8619582653045654,1.8576788902282715,0.004279375076293945,autoformer,tju,CY25-1,87
626,1.8602306842803955,1.8577048778533936,0.002525806427001953,autoformer,tju,CY25-1,87
627,1.8606966733932495,1.8622376918792725,0.0015410184860229492,autoformer,tju,CY25-1,87
628,1.8623048067092896,1.863848328590393,0.0015435218811035156,autoformer,tju,CY25-1,87
629,1.8604801893234253,1.8595476150512695,0.0009325742721557617,autoformer,tju,CY25-1,87
630,1.8582736253738403,1.857338309288025,0.0009353160858154297,autoformer,tju,CY25-1,87
631,1.8574248552322388,1.8552477359771729,0.002177119255065918,autoformer,tju,CY25-1,87
632,1.8577903509140015,1.8570189476013184,0.0007714033126831055,autoformer,tju,CY25-1,87
633,1.8564387559890747,1.8596357107162476,0.0031969547271728516,autoformer,tju,CY25-1,87
634,1.8561798334121704,1.8580580949783325,0.0018782615661621094,autoformer,tju,CY25-1,87
635,1.855218529701233,1.8569778203964233,0.0017592906951904297,autoformer,tju,CY25-1,87
636,1.8543416261672974,1.8543282747268677,1.33514404296875e-05,autoformer,tju,CY25-1,87
637,1.853939175605774,1.856942892074585,0.003003716468811035,autoformer,tju,CY25-1,87
638,1.8550941944122314,1.856463074684143,0.001368880271911621,autoformer,tju,CY25-1,87
639,1.8530081510543823,1.85225248336792,0.0007556676864624023,autoformer,tju,CY25-1,87
640,1.8526594638824463,1.857867956161499,0.005208492279052734,autoformer,tju,CY25-1,87
641,1.8513692617416382,1.8502923250198364,0.0010769367218017578,autoformer,tju,CY25-1,87
642,1.8504713773727417,1.8522852659225464,0.0018138885498046875,autoformer,tju,CY25-1,87
643,1.8500938415527344,1.8510390520095825,0.0009452104568481445,autoformer,tju,CY25-1,87
644,1.8491796255111694,1.8506072759628296,0.0014276504516601562,autoformer,tju,CY25-1,87
645,1.8495663404464722,1.8500027656555176,0.00043642520904541016,autoformer,tju,CY25-1,87
646,1.8510929346084595,1.8493961095809937,0.0016968250274658203,autoformer,tju,CY25-1,87
647,1.8483264446258545,1.8473542928695679,0.0009721517562866211,autoformer,tju,CY25-1,87
648,1.8469535112380981,1.846938967704773,1.4543533325195312e-05,autoformer,tju,CY25-1,87
649,1.8462660312652588,1.8412444591522217,0.005021572113037109,autoformer,tju,CY25-1,87
650,1.8545552492141724,1.8465940952301025,0.007961153984069824,autoformer,tju,CY25-1,87
651,1.8521203994750977,1.8437256813049316,0.008394718170166016,autoformer,tju,CY25-1,87
652,1.8490127325057983,1.8429052829742432,0.006107449531555176,autoformer,tju,CY25-1,87
653,1.84866201877594,1.8423361778259277,0.006325840950012207,autoformer,tju,CY25-1,87
654,1.8463844060897827,1.8431651592254639,0.0032192468643188477,autoformer,tju,CY25-1,87
655,1.847454309463501,1.8443732261657715,0.003081083297729492,autoformer,tju,CY25-1,87
656,1.8452743291854858,1.8461827039718628,0.0009083747863769531,autoformer,tju,CY25-1,87
657,1.843449354171753,1.8453350067138672,0.0018856525421142578,autoformer,tju,CY25-1,87
658,1.8422785997390747,1.8451741933822632,0.0028955936431884766,autoformer,tju,CY25-1,87
659,1.8416839838027954,1.8431494235992432,0.001465439796447754,autoformer,tju,CY25-1,87
660,1.840781569480896,1.8420450687408447,0.0012634992599487305,autoformer,tju,CY25-1,87
661,1.8396387100219727,1.8420032262802124,0.002364516258239746,autoformer,tju,CY25-1,87
662,1.839149832725525,1.8408623933792114,0.0017125606536865234,autoformer,tju,CY25-1,87
663,1.8375072479248047,1.8394802808761597,0.0019730329513549805,autoformer,tju,CY25-1,87
664,1.8377277851104736,1.8404953479766846,0.0027675628662109375,autoformer,tju,CY25-1,87
665,1.835187554359436,1.837519884109497,0.002332329750061035,autoformer,tju,CY25-1,87
666,1.834861397743225,1.835821509361267,0.0009601116180419922,autoformer,tju,CY25-1,87
667,1.833409070968628,1.8346251249313354,0.0012160539627075195,autoformer,tju,CY25-1,87
668,1.8330087661743164,1.8325061798095703,0.0005025863647460938,autoformer,tju,CY25-1,87
669,1.8319861888885498,1.8294428586959839,0.002543330192565918,autoformer,tju,CY25-1,87
670,1.831925868988037,1.8302040100097656,0.0017218589782714844,autoformer,tju,CY25-1,87
671,1.834084391593933,1.8311384916305542,0.0029458999633789062,autoformer,tju,CY25-1,87
672,1.8287379741668701,1.833268642425537,0.004530668258666992,autoformer,tju,CY25-1,87
673,1.8291863203048706,1.8326598405838013,0.003473520278930664,autoformer,tju,CY25-1,87
674,1.8275262117385864,1.8325835466384888,0.005057334899902344,autoformer,tju,CY25-1,87
675,1.827569603919983,1.8297730684280396,0.0022034645080566406,autoformer,tju,CY25-1,87
676,1.8263766765594482,1.828630805015564,0.0022541284561157227,autoformer,tju,CY25-1,87
677,1.8261524438858032,1.827873945236206,0.001721501350402832,autoformer,tju,CY25-1,87
678,1.8251615762710571,1.8276101350784302,0.002448558807373047,autoformer,tju,CY25-1,87
679,1.8246829509735107,1.8273224830627441,0.0026395320892333984,autoformer,tju,CY25-1,87
680,1.8255023956298828,1.8294546604156494,0.0039522647857666016,autoformer,tju,CY25-1,87
681,1.8236294984817505,1.823616862297058,1.2636184692382812e-05,autoformer,tju,CY25-1,87
682,1.8231655359268188,1.8273751735687256,0.004209637641906738,autoformer,tju,CY25-1,87
683,1.8211166858673096,1.8218138217926025,0.0006971359252929688,autoformer,tju,CY25-1,87
684,1.8208025693893433,1.818460464477539,0.0023421049118041992,autoformer,tju,CY25-1,87
685,1.82034432888031,1.8254168033599854,0.005072474479675293,autoformer,tju,CY25-1,87
686,1.819683313369751,1.8300961256027222,0.010412812232971191,autoformer,tju,CY25-1,87
687,1.8216675519943237,1.8223884105682373,0.0007208585739135742,autoformer,tju,CY25-1,87
688,1.8193151950836182,1.8251186609268188,0.005803465843200684,autoformer,tju,CY25-1,87
689,1.8176212310791016,1.8182916641235352,0.0006704330444335938,autoformer,tju,CY25-1,87
690,1.8165982961654663,1.822545051574707,0.005946755409240723,autoformer,tju,CY25-1,87
691,1.8163087368011475,1.821451187133789,0.0051424503326416016,autoformer,tju,CY25-1,87
692,1.8153626918792725,1.8270901441574097,0.011727452278137207,autoformer,tju,CY25-1,87
693,1.8147269487380981,1.8209160566329956,0.006189107894897461,autoformer,tju,CY25-1,87
694,1.8145276308059692,1.827765941619873,0.013238310813903809,autoformer,tju,CY25-1,87
695,1.8130099773406982,1.8165918588638306,0.0035818815231323242,autoformer,tju,CY25-1,87
696,1.8125535249710083,1.8170384168624878,0.004484891891479492,autoformer,tju,CY25-1,87
697,1.8118098974227905,1.8160415887832642,0.004231691360473633,autoformer,tju,CY25-1,87
698,1.8114923238754272,1.8140640258789062,0.002571702003479004,autoformer,tju,CY25-1,87
699,1.8113542795181274,1.8144733905792236,0.0031191110610961914,autoformer,tju,CY25-1,87
700,1.809814691543579,1.8113492727279663,0.001534581184387207,autoformer,tju,CY25-1,87
701,1.809096336364746,1.8109886646270752,0.0018923282623291016,autoformer,tju,CY25-1,87
702,1.8078386783599854,1.8070406913757324,0.0007979869842529297,autoformer,tju,CY25-1,87
703,1.8072706460952759,1.8129730224609375,0.005702376365661621,autoformer,tju,CY25-1,87
704,1.8067266941070557,1.8132325410842896,0.006505846977233887,autoformer,tju,CY25-1,87
705,1.8061678409576416,1.8114020824432373,0.005234241485595703,autoformer,tju,CY25-1,87
706,1.8050106763839722,1.8063888549804688,0.001378178596496582,autoformer,tju,CY25-1,87
707,1.804253101348877,1.807375431060791,0.0031223297119140625,autoformer,tju,CY25-1,87
708,1.8042150735855103,1.8102737665176392,0.006058692932128906,autoformer,tju,CY25-1,87
709,1.8033984899520874,1.8070663213729858,0.0036678314208984375,autoformer,tju,CY25-1,87
710,1.801496982574463,1.8062669038772583,0.00476992130279541,autoformer,tju,CY25-1,87
711,1.8012763261795044,1.8056809902191162,0.004404664039611816,autoformer,tju,CY25-1,87
712,1.8040568828582764,1.80692458152771,0.0028676986694335938,autoformer,tju,CY25-1,87
713,1.8000901937484741,1.8037073612213135,0.0036171674728393555,autoformer,tju,CY25-1,87
714,1.798751950263977,1.8051154613494873,0.006363511085510254,autoformer,tju,CY25-1,87
715,1.7989106178283691,1.800099492073059,0.0011888742446899414,autoformer,tju,CY25-1,87
716,1.7970690727233887,1.7973721027374268,0.00030303001403808594,autoformer,tju,CY25-1,87
717,1.7972038984298706,1.7991430759429932,0.0019391775131225586,autoformer,tju,CY25-1,87
718,1.796382188796997,1.797560691833496,0.0011785030364990234,autoformer,tju,CY25-1,87
719,1.7958358526229858,1.8004286289215088,0.004592776298522949,autoformer,tju,CY25-1,87
720,1.7940640449523926,1.7976104021072388,0.0035463571548461914,autoformer,tju,CY25-1,87
721,1.7936850786209106,1.80105721950531,0.007372140884399414,autoformer,tju,CY25-1,87
722,1.7953338623046875,1.8002618551254272,0.004927992820739746,autoformer,tju,CY25-1,87
723,1.792604923248291,1.8021727800369263,0.009567856788635254,autoformer,tju,CY25-1,87
724,1.7920747995376587,1.7973488569259644,0.005274057388305664,autoformer,tju,CY25-1,87
725,1.7908326387405396,1.7956749200820923,0.004842281341552734,autoformer,tju,CY25-1,87
726,1.7903120517730713,1.7947320938110352,0.004420042037963867,autoformer,tju,CY25-1,87
727,1.7897028923034668,1.7933247089385986,0.003621816635131836,autoformer,tju,CY25-1,87
728,1.789394736289978,1.789075493812561,0.0003192424774169922,autoformer,tju,CY25-1,87
729,1.7915396690368652,1.7886584997177124,0.002881169319152832,autoformer,tju,CY25-1,87
730,1.7885844707489014,1.7872631549835205,0.0013213157653808594,autoformer,tju,CY25-1,87
731,1.7867928743362427,1.7922701835632324,0.005477309226989746,autoformer,tju,CY25-1,87
732,1.7857708930969238,1.791763186454773,0.005992293357849121,autoformer,tju,CY25-1,87
733,1.7857693433761597,1.7906986474990845,0.004929304122924805,autoformer,tju,CY25-1,87
734,1.7848296165466309,1.790456771850586,0.005627155303955078,autoformer,tju,CY25-1,87
735,1.7834519147872925,1.7902812957763672,0.006829380989074707,autoformer,tju,CY25-1,87
736,1.7839096784591675,1.7910436391830444,0.007133960723876953,autoformer,tju,CY25-1,87
737,1.7831048965454102,1.7891443967819214,0.0060395002365112305,autoformer,tju,CY25-1,87
738,1.7819654941558838,1.7825247049331665,0.0005592107772827148,autoformer,tju,CY25-1,87
739,1.7825250625610352,1.7835299968719482,0.001004934310913086,autoformer,tju,CY25-1,87
740,1.7801567316055298,1.786908745765686,0.00675201416015625,autoformer,tju,CY25-1,87
741,1.7798817157745361,1.7870460748672485,0.007164359092712402,autoformer,tju,CY25-1,87
742,1.7793322801589966,1.7835131883621216,0.004180908203125,autoformer,tju,CY25-1,87
743,1.7781823873519897,1.7796610593795776,0.0014786720275878906,autoformer,tju,CY25-1,87
744,1.7774053812026978,1.7838680744171143,0.006462693214416504,autoformer,tju,CY25-1,87
745,1.7774105072021484,1.783042550086975,0.00563204288482666,autoformer,tju,CY25-1,87
746,1.7786146402359009,1.778114676475525,0.0004999637603759766,autoformer,tju,CY25-1,87
747,1.7761728763580322,1.7778838872909546,0.0017110109329223633,autoformer,tju,CY25-1,87
748,1.7852044105529785,1.7764809131622314,0.00872349739074707,autoformer,tju,CY25-1,87
749,1.7830052375793457,1.7755378484725952,0.007467389106750488,autoformer,tju,CY25-1,87
750,1.7806215286254883,1.7774285078048706,0.0031930208206176758,autoformer,tju,CY25-1,87
751,1.778617024421692,1.775464415550232,0.003152608871459961,autoformer,tju,CY25-1,87
752,1.7756553888320923,1.7749918699264526,0.0006635189056396484,autoformer,tju,CY25-1,87
753,1.7750358581542969,1.77932870388031,0.004292845726013184,autoformer,tju,CY25-1,87
754,1.77395498752594,1.7793128490447998,0.005357861518859863,autoformer,tju,CY25-1,87
755,1.7724788188934326,1.7794595956802368,0.006980776786804199,autoformer,tju,CY25-1,87
756,1.7730287313461304,1.7781128883361816,0.0050841569900512695,autoformer,tju,CY25-1,87
757,1.7700556516647339,1.7765998840332031,0.006544232368469238,autoformer,tju,CY25-1,87
758,1.7704343795776367,1.7747846841812134,0.00435030460357666,autoformer,tju,CY25-1,87
759,1.7674565315246582,1.7728605270385742,0.005403995513916016,autoformer,tju,CY25-1,87
760,1.7663527727127075,1.7695642709732056,0.003211498260498047,autoformer,tju,CY25-1,87
761,1.765809416770935,1.768243432044983,0.0024340152740478516,autoformer,tju,CY25-1,87
762,1.7649294137954712,1.7690163850784302,0.004086971282958984,autoformer,tju,CY25-1,87
763,1.7630765438079834,1.770065426826477,0.006988883018493652,autoformer,tju,CY25-1,87
764,1.7665890455245972,1.770391821861267,0.003802776336669922,autoformer,tju,CY25-1,87
765,1.7630538940429688,1.770047664642334,0.006993770599365234,autoformer,tju,CY25-1,87
766,1.7604132890701294,1.7693390846252441,0.008925795555114746,autoformer,tju,CY25-1,87
767,1.7595551013946533,1.7646158933639526,0.005060791969299316,autoformer,tju,CY25-1,87
768,1.7583256959915161,1.7652647495269775,0.006939053535461426,autoformer,tju,CY25-1,87
769,1.7573764324188232,1.7648307085037231,0.007454276084899902,autoformer,tju,CY25-1,87
770,1.7572633028030396,1.7651293277740479,0.0078660249710083,autoformer,tju,CY25-1,87
771,1.7553980350494385,1.7635420560836792,0.008144021034240723,autoformer,tju,CY25-1,87
772,1.754645586013794,1.762455701828003,0.007810115814208984,autoformer,tju,CY25-1,87
773,1.7541916370391846,1.7599858045578003,0.005794167518615723,autoformer,tju,CY25-1,87
774,1.7535879611968994,1.760272741317749,0.006684780120849609,autoformer,tju,CY25-1,87
775,1.7526488304138184,1.7580552101135254,0.005406379699707031,autoformer,tju,CY25-1,87
776,1.752380609512329,1.7595356702804565,0.007155060768127441,autoformer,tju,CY25-1,87
777,1.75120210647583,1.7573955059051514,0.006193399429321289,autoformer,tju,CY25-1,87
778,1.7507438659667969,1.755635142326355,0.0048912763595581055,autoformer,tju,CY25-1,87
779,1.7489690780639648,1.7546610832214355,0.005692005157470703,autoformer,tju,CY25-1,87
780,1.747785210609436,1.7562211751937866,0.008435964584350586,autoformer,tju,CY25-1,87
781,1.746832013130188,1.7552554607391357,0.008423447608947754,autoformer,tju,CY25-1,87
782,1.7463977336883545,1.7550101280212402,0.008612394332885742,autoformer,tju,CY25-1,87
783,1.7456631660461426,1.755922794342041,0.010259628295898438,autoformer,tju,CY25-1,87
784,1.7477378845214844,1.7556219100952148,0.007884025573730469,autoformer,tju,CY25-1,87
785,1.7446398735046387,1.752901554107666,0.008261680603027344,autoformer,tju,CY25-1,87
786,1.742565393447876,1.7521380186080933,0.009572625160217285,autoformer,tju,CY25-1,87
787,1.7428008317947388,1.7526836395263672,0.009882807731628418,autoformer,tju,CY25-1,87
788,1.7400078773498535,1.7570784091949463,0.017070531845092773,autoformer,tju,CY25-1,87
789,1.7404356002807617,1.7550626993179321,0.01462709903717041,autoformer,tju,CY25-1,87
790,1.7393909692764282,1.7521872520446777,0.012796282768249512,autoformer,tju,CY25-1,87
791,1.7385585308074951,1.7495938539505005,0.011035323143005371,autoformer,tju,CY25-1,87
792,1.7372126579284668,1.7510149478912354,0.013802289962768555,autoformer,tju,CY25-1,87
793,1.737318992614746,1.745682716369629,0.008363723754882812,autoformer,tju,CY25-1,87
794,1.735517144203186,1.7484275102615356,0.01291036605834961,autoformer,tju,CY25-1,87
795,1.7362911701202393,1.7461267709732056,0.009835600852966309,autoformer,tju,CY25-1,87
796,1.7341831922531128,1.7442306280136108,0.010047435760498047,autoformer,tju,CY25-1,87
797,1.736839771270752,1.745747447013855,0.008907675743103027,autoformer,tju,CY25-1,87
798,1.7319585084915161,1.7429392337799072,0.010980725288391113,autoformer,tju,CY25-1,87
799,1.7325570583343506,1.7413536310195923,0.0087965726852417,autoformer,tju,CY25-1,87
800,1.7320469617843628,1.7427277565002441,0.010680794715881348,autoformer,tju,CY25-1,87
801,1.7307320833206177,1.7398890256881714,0.009156942367553711,autoformer,tju,CY25-1,87
802,1.7292757034301758,1.7385529279708862,0.00927722454071045,autoformer,tju,CY25-1,87
803,1.7280538082122803,1.7359915971755981,0.007937788963317871,autoformer,tju,CY25-1,87
804,1.7282238006591797,1.7382826805114746,0.010058879852294922,autoformer,tju,CY25-1,87
805,1.7265477180480957,1.7358440160751343,0.009296298027038574,autoformer,tju,CY25-1,87
806,1.7252448797225952,1.7409424781799316,0.015697598457336426,autoformer,tju,CY25-1,87
807,1.7248743772506714,1.7375340461730957,0.012659668922424316,autoformer,tju,CY25-1,87
808,1.7233749628067017,1.736420750617981,0.013045787811279297,autoformer,tju,CY25-1,87
809,1.722311019897461,1.7335669994354248,0.011255979537963867,autoformer,tju,CY25-1,87
810,1.7219164371490479,1.732986569404602,0.0110701322555542,autoformer,tju,CY25-1,87
811,1.7209885120391846,1.7328146696090698,0.011826157569885254,autoformer,tju,CY25-1,87
812,1.720297932624817,1.7314555644989014,0.011157631874084473,autoformer,tju,CY25-1,87
813,1.719077229499817,1.7315120697021484,0.012434840202331543,autoformer,tju,CY25-1,87
814,1.7194100618362427,1.727047324180603,0.0076372623443603516,autoformer,tju,CY25-1,87
815,1.7180638313293457,1.7248846292495728,0.006820797920227051,autoformer,tju,CY25-1,87
816,1.716690182685852,1.725174903869629,0.008484721183776855,autoformer,tju,CY25-1,87
817,1.7151877880096436,1.7241238355636597,0.008936047554016113,autoformer,tju,CY25-1,87
818,1.714561939239502,1.7230366468429565,0.00847470760345459,autoformer,tju,CY25-1,87
819,1.7140207290649414,1.7269134521484375,0.012892723083496094,autoformer,tju,CY25-1,87
820,1.7130680084228516,1.7205896377563477,0.007521629333496094,autoformer,tju,CY25-1,87
821,1.7124041318893433,1.7236450910568237,0.011240959167480469,autoformer,tju,CY25-1,87
822,1.71319580078125,1.721800684928894,0.008604884147644043,autoformer,tju,CY25-1,87
823,1.7138535976409912,1.7208904027938843,0.007036805152893066,autoformer,tju,CY25-1,87
824,1.7103842496871948,1.719021201133728,0.008636951446533203,autoformer,tju,CY25-1,87
825,1.7085100412368774,1.7184134721755981,0.009903430938720703,autoformer,tju,CY25-1,87
826,1.707737922668457,1.7157049179077148,0.007966995239257812,autoformer,tju,CY25-1,87
827,1.7073657512664795,1.717779517173767,0.010413765907287598,autoformer,tju,CY25-1,87
828,1.706480622291565,1.712905764579773,0.006425142288208008,autoformer,tju,CY25-1,87
829,1.705238938331604,1.7180989980697632,0.01286005973815918,autoformer,tju,CY25-1,87
830,1.7045047283172607,1.7131738662719727,0.008669137954711914,autoformer,tju,CY25-1,87
831,1.7036561965942383,1.7113037109375,0.007647514343261719,autoformer,tju,CY25-1,87
832,1.7035229206085205,1.7148373126983643,0.01131439208984375,autoformer,tju,CY25-1,87
833,1.7022114992141724,1.7138761281967163,0.011664628982543945,autoformer,tju,CY25-1,87
834,1.7022796869277954,1.7146105766296387,0.012330889701843262,autoformer,tju,CY25-1,87
835,1.7017829418182373,1.7129590511322021,0.011176109313964844,autoformer,tju,CY25-1,87
836,1.6997358798980713,1.713708519935608,0.013972640037536621,autoformer,tju,CY25-1,87
837,1.6992683410644531,1.7106844186782837,0.011416077613830566,autoformer,tju,CY25-1,87
838,1.6974799633026123,1.707982063293457,0.010502099990844727,autoformer,tju,CY25-1,87
839,1.697635293006897,1.7064697742462158,0.008834481239318848,autoformer,tju,CY25-1,87
840,1.6957550048828125,1.7042639255523682,0.008508920669555664,autoformer,tju,CY25-1,87
841,1.6952979564666748,1.7088332176208496,0.013535261154174805,autoformer,tju,CY25-1,87
842,1.6947021484375,1.7074086666107178,0.012706518173217773,autoformer,tju,CY25-1,87
843,1.6966530084609985,1.7043288946151733,0.007675886154174805,autoformer,tju,CY25-1,87
844,1.6933854818344116,1.7005866765975952,0.007201194763183594,autoformer,tju,CY25-1,87
845,1.6918680667877197,1.7011606693267822,0.0092926025390625,autoformer,tju,CY25-1,87
846,1.7061915397644043,1.701650619506836,0.004540920257568359,autoformer,tju,CY25-1,87
847,1.7028039693832397,1.7012786865234375,0.001525282859802246,autoformer,tju,CY25-1,87
848,1.7012250423431396,1.6963402032852173,0.004884839057922363,autoformer,tju,CY25-1,87
849,1.700391411781311,1.6986552476882935,0.0017361640930175781,autoformer,tju,CY25-1,87
850,1.6963707208633423,1.696945071220398,0.0005743503570556641,autoformer,tju,CY25-1,87
851,1.6934078931808472,1.6992381811141968,0.005830287933349609,autoformer,tju,CY25-1,87
852,1.6909335851669312,1.6997007131576538,0.008767127990722656,autoformer,tju,CY25-1,87
853,1.6894785165786743,1.7001330852508545,0.010654568672180176,autoformer,tju,CY25-1,87
854,1.6879345178604126,1.699654221534729,0.011719703674316406,autoformer,tju,CY25-1,87
855,1.6865912675857544,1.699423909187317,0.0128326416015625,autoformer,tju,CY25-1,87
856,1.6855963468551636,1.698665976524353,0.013069629669189453,autoformer,tju,CY25-1,87
857,1.6844837665557861,1.6964739561080933,0.011990189552307129,autoformer,tju,CY25-1,87
858,1.6830270290374756,1.6959538459777832,0.012926816940307617,autoformer,tju,CY25-1,87
859,1.6809959411621094,1.6941478252410889,0.013151884078979492,autoformer,tju,CY25-1,87
860,1.6813384294509888,1.6924611330032349,0.011122703552246094,autoformer,tju,CY25-1,87
861,1.678710699081421,1.690773844718933,0.012063145637512207,autoformer,tju,CY25-1,87
862,1.677195429801941,1.6903057098388672,0.01311028003692627,autoformer,tju,CY25-1,87
863,1.6753108501434326,1.6887640953063965,0.013453245162963867,autoformer,tju,CY25-1,87
864,1.6746448278427124,1.686774492263794,0.012129664421081543,autoformer,tju,CY25-1,87
865,1.6728707551956177,1.6855063438415527,0.012635588645935059,autoformer,tju,CY25-1,87
866,1.6718090772628784,1.684374213218689,0.012565135955810547,autoformer,tju,CY25-1,87
867,1.6713069677352905,1.6856650114059448,0.014358043670654297,autoformer,tju,CY25-1,87
868,1.67331063747406,1.6875255107879639,0.014214873313903809,autoformer,tju,CY25-1,87
869,1.6704925298690796,1.6863796710968018,0.015887141227722168,autoformer,tju,CY25-1,87
870,1.667818546295166,1.6841723918914795,0.016353845596313477,autoformer,tju,CY25-1,87
871,1.6674269437789917,1.6812673807144165,0.013840436935424805,autoformer,tju,CY25-1,87
872,1.6665675640106201,1.6801167726516724,0.013549208641052246,autoformer,tju,CY25-1,87
873,1.6647311449050903,1.6791518926620483,0.014420747756958008,autoformer,tju,CY25-1,87
874,1.6632040739059448,1.6783114671707153,0.015107393264770508,autoformer,tju,CY25-1,87
875,1.6622637510299683,1.6776680946350098,0.015404343605041504,autoformer,tju,CY25-1,87
876,1.6611377000808716,1.6770963668823242,0.015958666801452637,autoformer,tju,CY25-1,87
877,1.660190224647522,1.6756559610366821,0.015465736389160156,autoformer,tju,CY25-1,87
878,1.6587942838668823,1.6719913482666016,0.013197064399719238,autoformer,tju,CY25-1,87
879,1.6584450006484985,1.6717169284820557,0.013271927833557129,autoformer,tju,CY25-1,87
880,1.6567895412445068,1.670553207397461,0.013763666152954102,autoformer,tju,CY25-1,87
881,1.6578232049942017,1.6708141565322876,0.012990951538085938,autoformer,tju,CY25-1,87
882,1.6547693014144897,1.6723650693893433,0.017595767974853516,autoformer,tju,CY25-1,87
883,1.653610348701477,1.6756062507629395,0.021995902061462402,autoformer,tju,CY25-1,87
884,1.6475660800933838,1.6703578233718872,0.022791743278503418,autoformer,tju,CY25-1,87
885,1.6517738103866577,1.6703882217407227,0.01861441135406494,autoformer,tju,CY25-1,87
886,1.65133798122406,1.6736524105072021,0.02231442928314209,autoformer,tju,CY25-1,87
