cycle,capacity_true_ah,MGI-DSSM,MSTEA-Net,IC2ML,BATTER-MoE,RUL-Mamba,PatchFormer,SG-DiTs,Autoformer,iTransformer,MGI-DSSM absolute error (Ah),EOL threshold (Ah)
16,1.8021069,,,,,,,,,,,1.4
17,1.802579501,,,,,,,,,,,1.4
18,1.803068314,,,,,,,,,,,1.4
19,1.802777625,,,,,,,,,,,1.4
20,1.847025995,,,,,,,,,,,1.4
21,1.847417311,,,,,,,,,,,1.4
22,1.836177421,,,,,,,,,,,1.4
23,1.825780748,,,,,,,,,,,1.4
24,1.825113644,,,,,,,,,,,1.4
25,1.825581504,,,,,,,,,,,1.4
26,1.814031128,,,,,,,,,,,1.4
27,1.814769194,,,,,,,,,,,1.4
28,1.813969389,,,,,,,,,,,1.4
29,1.802765665,,,,,,,,,,,1.4
30,1.80407704,,,,,,,,,,,1.4
31,1.817390443,,,,,,,,,,,1.4
32,1.830703846,,,,,,,,,,,1.4
33,1.819904109,,,,,,,,,,,1.4
34,1.809307964,,,,,,,,,,,1.4
35,1.804609905,,,,,,,,,,,1.4
36,1.799377065,,,,,,,,,,,1.4
37,1.788443234,,,,,,,,,,,1.4
38,1.782923048,,,,,,,,,,,1.4
39,1.773033716,,,,,,,,,,,1.4
40,1.773037755,,,,,,,,,,,1.4
41,1.767872111,,,,,,,,,,,1.4
42,1.76231507,,,,,,,,,,,1.4
43,1.767617292,,,,,,,,,,,1.4
44,1.76266836,,,,,,,,,,,1.4
45,1.751730487,,,,,,,,,,,1.4
46,1.741849605,,,,,,,,,,,1.4
47,1.736091351,,,,,,,,,,,1.4
48,1.793624015,,,,,,,,,,,1.4
49,1.783189022,,,,,,,,,,,1.4
50,1.767364208,1.776949048,1.778121471,1.76637876,1.771110415,1.756164193,1.767784357,1.757808328,1.732759237,1.765942216,0.009584840414,1.4
51,1.757017785,1.761182308,1.764077902,1.751851082,1.759270072,1.751239419,1.75338614,1.748669505,1.733382702,1.756791353,0.004164523162,1.4
52,1.746870618,1.750878453,1.759047747,1.746824384,1.74948144,1.7393682,1.750238895,1.749580383,1.734244466,1.757688522,0.004007835271,1.4
53,1.741717251,1.740770578,1.748672009,1.740835071,1.740241647,1.737799406,1.746662617,1.734537959,1.735957146,1.753296852,0.0009466723613,1.4
54,1.736422506,1.735630155,1.737529993,1.734948754,1.73417747,1.733650327,1.739007711,1.731000543,1.714930058,1.745619535,0.0007923510381,1.4
55,1.726321724,1.730349064,1.72814393,1.728971243,1.729388714,1.730286121,1.73415339,1.723019481,1.732218742,1.739704132,0.00402733995,1.4
56,1.715806539,1.720276475,1.71219039,1.718592525,1.722218156,1.724856138,1.725067616,1.726751685,1.717493773,1.728228331,0.00446993602,1.4
57,1.710533351,1.709796309,1.703011513,1.709389091,1.712077379,1.71789825,1.7154001,1.707482576,1.726460099,1.724118114,0.0007370416641,1.4
58,1.7060145,1.70454073,1.698990583,1.712274432,1.70598495,1.710458994,1.709543347,1.703469515,1.711424589,1.724188566,0.001473770126,1.4
59,1.700311027,1.700047731,1.692984581,1.703152657,1.70135963,1.70354569,1.699290991,1.698283553,1.720386267,1.709543467,0.0002632958647,1.4
60,1.69457986,1.694353819,1.699601173,1.695868254,1.697079778,1.697235823,1.69400382,1.694670081,1.70243752,1.697843313,0.0002260412864,1.4
61,1.684902909,1.688639283,1.689287424,1.689706922,1.691345572,1.689849257,1.686532021,1.687018991,1.725529552,1.696302772,0.003736374519,1.4
62,1.674474159,1.678986311,1.693644524,1.682970643,1.684268355,1.680654287,1.677470446,1.676545024,1.696178436,1.686148882,0.004512151843,1.4
63,1.674569248,1.668595672,1.68205595,1.676792383,1.675040007,1.67121315,1.667767882,1.663073778,1.707474113,1.686092377,0.005973576334,1.4
64,1.663716376,1.66869092,1.672497272,1.673484206,1.671396494,1.663548112,1.661255836,1.669960022,1.72397697,1.674617767,0.004974543895,1.4
65,1.659013869,1.657900572,1.65963316,1.662704587,1.664587498,1.658074856,1.652837992,1.654713511,1.709413171,1.657308221,0.001113296925,1.4
66,1.653854057,1.653218269,1.655409813,1.657104611,1.657431006,1.654074669,1.647895336,1.662150264,1.687360168,1.654664636,0.0006357879854,1.4
67,1.642653782,1.648066878,1.65218997,1.652452111,1.652218223,1.647884369,1.643133402,1.653386712,1.677523851,1.652030468,0.005413096189,1.4
68,1.637857843,1.636892438,1.642808676,1.642518401,1.643694043,1.641199112,1.63484621,1.646469116,1.662091494,1.643847227,0.0009654050875,1.4
69,1.632735041,1.632117152,1.639089108,1.637404084,1.636633277,1.634440064,1.628518105,1.637736201,1.676856041,1.637275577,0.0006178884959,1.4
70,1.627752892,1.627015948,1.629660845,1.631969571,1.631409883,1.628314734,1.623283744,1.630787134,1.642470241,1.629291534,0.0007369432578,1.4
71,1.622125486,1.622044086,1.625970125,1.626029253,1.626164079,1.623237491,1.618255377,1.622501373,1.650700688,1.624182105,8.139906486e-05,1.4
72,1.61132566,1.616431117,1.623085022,1.62023139,1.620567322,1.617395163,1.612651467,1.618216753,1.651303649,1.621616125,0.005105456681,1.4
73,1.60656314,1.605665326,1.615180016,1.611485243,1.612436891,1.610556006,1.604091287,1.609368563,1.627797723,1.611492395,0.0008978136304,1.4
74,1.601514223,1.600919843,1.610150814,1.605746627,1.605338573,1.603868127,1.597731352,1.602952242,1.627287507,1.607378721,0.0005943806717,1.4
75,1.590369231,1.595879316,1.611517668,1.601001263,1.600253701,1.597770214,1.593015313,1.593852401,1.607394934,1.599501848,0.00551008493,1.4
76,1.585788997,1.584769964,1.61126852,1.590285897,1.592029691,1.591332555,1.583312869,1.592081785,1.60946393,1.593170166,0.001019032606,1.4
77,1.584943071,1.580219626,1.60131526,1.584938645,1.584880948,1.584993005,1.577379942,1.580665946,1.602094889,1.582282782,0.004723444311,1.4
78,1.595526389,1.579359174,1.591453075,1.583905101,1.581733823,1.578886867,1.575663328,1.583773971,1.593564987,1.585239172,0.01616721547,1.4
79,1.574730175,1.589915395,1.591997623,1.590661645,1.585349441,1.588123322,1.580280781,1.583279848,1.606174707,1.591470003,0.01518522,1.4
80,1.564901995,1.569159865,1.580443621,1.573132515,1.578256249,1.571641564,1.567348599,1.574367285,1.577710152,1.571489096,0.004257870286,1.4
81,1.559765947,1.559380531,1.574221611,1.564258456,1.565315127,1.56700778,1.558660746,1.566823244,1.575194359,1.563962579,0.000385416026,1.4
82,1.559481567,1.554260135,1.567639828,1.559576392,1.558547854,1.563760996,1.553557158,1.567498803,1.578557968,1.56154716,0.005221432121,1.4
83,1.554689354,1.5539819,1.564874172,1.558457136,1.555556059,1.554836512,1.55221498,1.552829742,1.574455857,1.562684774,0.0007074533755,1.4
84,1.548874108,1.549200654,1.559034348,1.552945018,1.552287936,1.54963541,1.545196652,1.555407643,1.55110538,1.554517031,0.0003265460408,1.4
85,1.538236599,1.543404341,1.553658009,1.546369076,1.546664119,1.544966817,1.539360046,1.545951486,1.557505131,1.54277575,0.005167741801,1.4
86,1.527914258,1.532800078,1.547180176,1.537217975,1.538677335,1.541373014,1.532338142,1.547072411,1.555741668,1.537152171,0.004885820141,1.4
87,1.528525263,1.522515655,1.539535761,1.528407931,1.529076576,1.535790801,1.523842335,1.535554647,1.548630953,1.534704328,0.006009608412,1.4
88,1.522647325,1.523136854,1.53451395,1.52994132,1.524808288,1.528749704,1.522320986,1.531074524,1.543690205,1.527506232,0.0004895288874,1.4
89,1.517485994,1.517260551,1.538763046,1.521018624,1.521184325,1.521902919,1.515734911,1.516901374,1.54682982,1.518956661,0.0002254423964,1.4
90,1.540667569,1.512126207,1.538552046,1.515306115,1.515744925,1.515446901,1.510822654,1.513144135,1.517130375,1.514160037,0.02854136191,1.4
91,1.563849145,1.535277963,1.57630229,1.586355567,1.52297914,1.531273484,1.52363503,1.523128867,1.540945172,1.535865426,0.02857118199,1.4
92,1.548091525,1.558322906,1.557230949,1.553082108,1.541166067,1.545882225,1.544834614,1.546116948,1.512247205,1.544017673,0.01023138172,1.4
93,1.532375563,1.542593837,1.542239666,1.539129853,1.542030692,1.535220027,1.531888366,1.528811812,1.510250211,1.535878897,0.0102182736,1.4
94,1.526952827,1.526939869,1.530403376,1.530786395,1.528792143,1.51519537,1.520090938,1.522797465,1.506257892,1.525304079,1.295792197e-05,1.4
95,1.516957302,1.521545887,1.526187897,1.525613904,1.520104766,1.5219419,1.520344853,1.523388267,1.511770248,1.528944016,0.00458858528,1.4
96,1.511897596,1.511591434,1.519454479,1.515295148,1.513492942,1.517621756,1.513155103,1.509494424,1.520070195,1.52299118,0.0003061615355,1.4
97,1.506563896,1.506568193,1.515552044,1.510156035,1.507028222,1.512476921,1.507514596,1.502551556,1.489719033,1.516721725,4.297367558e-06,1.4
98,1.501545353,1.501253605,1.509520531,1.503391027,1.501897812,1.508256674,1.501903653,1.502312422,1.497888446,1.507755399,0.0002917477782,1.4
99,1.490844405,1.496244431,1.505848169,1.497588754,1.496620774,1.503274322,1.498727202,1.49504447,1.496609449,1.502276182,0.005400025502,1.4
100,1.485868385,1.485589385,1.500226736,1.498524666,1.489419699,1.498400092,1.491138697,1.494648218,1.49836266,1.500011683,0.0002789995285,1.4
101,1.480413678,1.480626941,1.496077299,1.484512687,1.482835293,1.492085576,1.485109925,1.482808471,1.491939425,1.493676782,0.0002132627511,1.4
102,1.475209587,1.475184798,1.491047859,1.480173707,1.477927208,1.485367298,1.479039788,1.485278487,1.48863101,1.481401682,2.47886625e-05,1.4
103,1.485903599,1.469958186,1.493530512,1.47293365,1.473189116,1.477396727,1.473419428,1.478553057,1.502171278,1.47437346,0.01594541268,1.4
104,1.49609183,1.480609059,1.502094984,1.484184623,1.475397706,1.474022746,1.477036119,1.46935761,1.495235085,1.484034896,0.01548277048,1.4
105,1.480800595,1.49077034,1.499502182,1.493735909,1.483250022,1.486952782,1.482277632,1.487637639,1.483828306,1.490108848,0.009969745273,1.4
106,1.469754327,1.47551775,1.487749338,1.475445628,1.479888439,1.470221639,1.47044456,1.482049823,1.475606322,1.477056265,0.00576342294,1.4
107,1.453901227,1.464401245,1.47763133,1.467341661,1.468551636,1.463790655,1.459161401,1.471097827,1.48359251,1.467564225,0.01050001763,1.4
108,1.454146207,1.448599935,1.466366529,1.455273986,1.456756711,1.473552346,1.451535463,1.455208302,1.479185104,1.457856655,0.005546272146,1.4
109,1.455023752,1.448874593,1.462377787,1.453999043,1.449864984,1.458487749,1.449607372,1.452335,1.48999083,1.458714962,0.006149159126,1.4
110,1.449042164,1.449752092,1.46190691,1.453286767,1.449337959,1.452143908,1.446805596,1.448092103,1.488103032,1.45539856,0.0007099286002,1.4
111,1.438670937,1.44378233,1.45854044,1.446555018,1.446011662,1.447078705,1.441947341,1.444895864,1.447545886,1.446286798,0.005111392411,1.4
112,1.433445432,1.433450222,1.449691534,1.437108397,1.438211799,1.443910599,1.434990168,1.438460469,1.446186781,1.437906027,4.789858402e-06,1.4
113,1.43339589,1.428262711,1.44563508,1.434139013,1.431182623,1.43930316,1.430470943,1.425186753,1.432226658,1.437987924,0.005133179513,1.4
114,1.428064873,1.428215742,1.444899321,1.434115171,1.428412318,1.433166742,1.429187417,1.427715778,1.454935193,1.432394743,0.0001508686634,1.4
115,1.422920318,1.422896862,1.440465212,1.426782966,1.42525959,1.427352667,1.42476666,1.424548507,1.430384398,1.423117638,2.345614409e-05,1.4
116,1.417429033,1.41776669,1.433997154,1.421174049,1.420364976,1.421965837,1.41992712,1.423597217,1.434106708,1.420205951,0.0003376575229,1.4
117,1.412409229,1.412282467,1.438222647,1.415486455,1.415375471,1.417353749,1.413609505,1.418686271,1.4340837,1.420203328,0.000126761906,1.4
118,1.412578793,1.407294273,1.438526869,1.413025975,1.410531878,1.411284328,1.408475161,1.417498469,1.406169891,1.416827202,0.005284519564,1.4
119,1.407598373,1.407458663,1.428721428,1.41249907,1.407781005,1.404571414,1.404474854,1.413777232,1.426059842,1.414948344,0.0001397101602,1.4
120,1.433392049,1.402518868,1.420463324,1.406046629,1.404661775,1.400551558,1.398787975,1.406263113,1.410245895,1.401258945,0.03087318008,1.4
121,1.438255018,1.428200245,1.429684877,1.425082564,1.41167593,1.420184493,1.414902449,1.416465759,1.416319132,1.421098351,0.01005477278,1.4
122,1.417354717,1.43304038,1.434506655,1.428615689,1.422528625,1.421673536,1.422311187,1.425822973,1.416656137,1.424456716,0.01568566303,1.4
123,1.406981664,1.412222743,1.425060034,1.412371516,1.415506005,1.411971927,1.410199165,1.412990689,1.406232119,1.414052963,0.005241079357,1.4
124,1.401203778,1.401892304,1.417799473,1.405046344,1.402837038,1.406776786,1.402950764,1.399267554,1.389080644,1.409154177,0.0006885260617,1.4
125,1.396700823,1.396133304,1.412827253,1.400760889,1.39624989,1.406165719,1.399451852,1.395780206,1.412080526,1.405971527,0.0005675196304,1.4
126,1.391284789,1.391649961,1.405944586,1.395296097,1.391781926,1.399462819,1.395251393,1.389416456,1.403431177,1.401382565,0.0003651726188,1.4
127,1.386228768,1.386244655,1.400861263,1.389542103,1.387176991,1.395157695,1.39026773,1.392544508,1.381802559,1.394411445,1.588685762e-05,1.4
128,1.380436676,1.381198645,1.396963596,1.384836078,1.382320046,1.39026916,1.385802984,1.391807556,1.382513404,1.386781693,0.0007619684406,1.4
129,1.375236415,1.375431657,1.39115262,1.378522158,1.377111912,1.384990096,1.379933953,1.375268459,1.389095187,1.383355856,0.0001952418118,1.4
130,1.370512802,1.370256901,1.386286974,1.376978755,1.372289538,1.379381776,1.375059247,1.374356151,1.379514456,1.381814837,0.0002559017021,1.4
131,1.370508557,1.365553737,1.388249159,1.371769428,1.367868185,1.373449206,1.370187879,1.369034171,1.371372104,1.372707725,0.00495481994,1.4
132,1.364735511,1.365543008,1.391186237,1.36854732,1.365267754,1.367364287,1.368167162,1.374881029,1.373083472,1.364936113,0.0008074969825,1.4
133,1.375392017,1.359791875,1.379501104,1.363056779,1.362516999,1.36200726,1.363779426,1.366273284,1.360245824,1.365810871,0.01560014201,1.4
134,1.386111515,1.370395422,1.379580259,1.371594071,1.363937259,1.365125895,1.367073894,1.369373083,1.36773026,1.372578979,0.01571609317,1.4
135,1.369850004,1.381096721,1.382194281,1.381527781,1.371396184,1.372394443,1.372469425,1.373805761,1.374110222,1.379368901,0.01124671711,1.4
136,1.364782795,1.364891768,1.376781702,1.366339326,1.368487477,1.359086871,1.359997511,1.369881153,1.358570814,1.364952207,0.0001089725758,1.4
137,1.354322047,1.359842777,1.374925613,1.361268044,1.359380126,1.354342461,1.35498786,1.37052393,1.367087603,1.359994054,0.005520730626,1.4
138,1.354641702,1.349422097,1.36847496,1.353815436,1.352572918,1.357358217,1.353039145,1.353762507,1.354511976,1.356971145,0.005219604632,1.4
139,1.354703921,1.349740505,1.366473198,1.353141308,1.348072171,1.353311777,1.352043509,1.351220369,1.35574019,1.357069016,0.004963416101,1.4
140,1.349314998,1.349801779,1.364260197,1.352099657,1.347367764,1.350995898,1.350027919,1.350865364,1.353706241,1.355009317,0.0004867812899,1.4
141,1.344189194,1.344430804,1.361593962,1.346820951,1.34459424,1.348745704,1.347013235,1.346189737,1.338116169,1.347472668,0.0002416104556,1.4
142,1.338991379,1.339332104,1.359719038,1.34141767,1.339599967,1.345686316,1.343805313,1.351871371,1.347849131,1.343779683,0.0003407246597,1.4
143,1.338914523,1.334159374,1.355950594,1.338597178,1.33505547,1.342190027,1.340164781,1.33103919,1.329381585,1.342576623,0.004755148784,1.4
144,1.334006676,1.334085107,1.353865862,1.33880794,1.332555413,1.338427544,1.33885479,1.33504355,1.347111464,1.33969295,7.84308735e-05,1.4
145,1.328644431,1.329182744,1.358956814,1.331973195,1.329995871,1.334412098,1.33468461,1.335199237,1.329842448,1.330813169,0.0005383131087,1.4
146,1.323170899,1.323834538,1.360515356,1.327279329,1.325673461,1.329750538,1.330613017,1.329821944,1.339752555,1.328686476,0.0006636392322,1.4
147,1.318169159,1.31838572,1.350186348,1.321716428,1.321115375,1.32473278,1.324040413,1.327255249,1.329317689,1.326842666,0.0002165614085,1.4
148,1.318466444,1.313410401,1.344678879,1.319056034,1.31662643,1.31920886,1.318665743,1.318652153,1.320822716,1.32201004,0.00505604232,1.4
149,1.31829304,1.313725471,1.341738462,1.318423271,1.314195275,1.314337373,1.314720511,1.321347952,1.333699703,1.320998907,0.004567568606,1.4
150,1.323872422,1.313548207,1.343467474,1.315999866,1.313176274,1.312190771,1.312059879,1.322366595,1.319419503,1.31305337,0.01032421496,1.4
151,1.331701555,1.319072723,1.35043335,1.319743156,1.314007878,1.317566752,1.316307664,1.324134707,1.320477724,1.31762445,0.01262883113,1.4
152,1.339530687,1.326901555,1.367284536,1.348313332,1.318036079,1.321300745,1.320654154,1.32030642,1.323389411,1.324056506,0.01262913173,1.4
153,1.329028657,1.334698319,1.361594677,1.332483649,1.323223948,1.323892117,1.32634902,1.32294786,1.311167002,1.330225468,0.005669662923,1.4
154,1.323674127,1.324222088,1.350552082,1.323706031,1.32189548,1.318001509,1.320555091,1.323041677,1.30606389,1.323292971,0.0005479603602,1.4
155,1.318633897,1.318895578,1.343385696,1.321541309,1.315691352,1.314191461,1.318024039,1.319447875,1.310228467,1.320942163,0.0002616816311,1.4
156,1.313475132,1.313872099,1.338204861,1.316753387,1.311539412,1.314173222,1.315970182,1.314380169,1.319620371,1.32060957,0.0003969667903,1.4
157,1.313202063,1.308741331,1.330217361,1.311178207,1.307523012,1.31261754,1.313146472,1.30466783,1.305592775,1.316609859,0.004460732344,1.4
158,1.307795995,1.308463097,1.325031757,1.31050539,1.305015683,1.311348796,1.312000751,1.30822885,1.300053835,1.313939691,0.0006671019242,1.4
159,1.303032919,1.30307591,1.325307369,1.304962873,1.302436948,1.308886766,1.308895946,1.309330821,1.302201629,1.308843017,4.299097397e-05,1.4
160,1.303357356,1.298341036,1.324805021,1.300987244,1.298061252,1.305996418,1.306133866,1.302226424,1.303333759,1.305888534,0.005016320061,1.4
161,1.303410044,1.298660755,1.317373276,1.304921389,1.295917392,1.303521752,1.304487705,1.294255614,1.308467746,1.306362152,0.004749288708,1.4
162,1.297887081,1.298702955,1.314260721,1.300286889,1.2957412,1.301919818,1.303805828,1.302603126,1.313872457,1.303062558,0.0008158745964,1.4
163,1.298073506,1.293210387,1.307933807,1.295311093,1.29346633,1.298481584,1.30011487,1.297665358,1.296285748,1.296735525,0.004863118462,1.4
164,1.293463614,1.293407083,1.309255838,1.295123696,1.291279197,1.296057701,1.298855186,1.301596403,1.314785957,1.296852112,5.653128656e-05,1.4
165,1.288003393,1.288826823,1.308601618,1.292646766,1.289533257,1.292123914,1.294787765,1.289132953,1.295494199,1.295704365,0.0008234306154,1.4
166,1.287452522,1.283373117,1.305294514,1.288318396,1.285546303,1.288074493,1.289069891,1.290234804,1.296802878,1.290865541,0.004079404691,1.4
167,1.309015364,1.282828808,1.301999092,1.285547614,1.282818675,1.284586549,1.285480022,1.293737888,1.310099602,1.28886354,0.0261865564,1.4
168,1.325079329,1.30430007,1.307949543,1.302259564,1.289488435,1.294355512,1.293806314,1.29831481,1.297181249,1.298755884,0.02077925883,1.4
